month,series_group,covered_industries,covered_weight_pct,total_yoy_pct,covered_contrib_prices_pp,residual_prices_pp
1986-01-01,retail,4,30.2,-17.102075558174555,-5.375237346952139,-11.726838211222415
1986-02-01,retail,4,30.2,-28.401337792642135,-7.707040133779264,-20.694297658862872
1986-03-01,retail,4,30.2,-23.510725910820018,-7.638844660574924,-15.871881250245092
1986-04-01,retail,4,30.2,-13.509502609028667,-10.483383599023407,-3.02611901000526
1986-05-01,retail,4,30.2,-14.658826746889108,-11.75455125575459,-2.904275491134518
1986-06-01,retail,4,30.2,-9.060971958886356,-5.678834447659914,-3.382137511226442
1986-07-01,retail,4,30.2,-5.553085321871443,-6.079166049108244,0.5260807272368018
1986-08-01,retail,4,30.2,-8.478414720452943,-6.533422977117244,-1.9449917433356987
1986-09-01,retail,4,30.2,-7.524918582848117,-5.434629428599625,-2.0902891542484916
1986-10-01,retail,4,30.2,-3.4893184130213584,-2.5577060020345876,-0.9316124109867707
1986-11-01,retail,4,30.2,-5.865542962317161,-5.987203332364621,0.12166037004746055
1986-12-01,retail,4,30.2,-0.429361737263656,-4.056386755841797,3.627025018578141
1987-01-01,retail,4,30.2,6.914935629097241,-2.045687544427769,8.96062317352501
1987-02-01,retail,4,30.2,-4.591741405082217,-7.382104820627801,2.790363415545584
1987-03-01,retail,4,30.2,21.410992616899094,3.223672067268253,18.18732054963084
1987-04-01,retail,4,30.2,32.45143078540986,8.744622792937397,23.706807992472463
1987-05-01,retail,4,30.2,34.973027826737194,8.3754419697698,26.59758585696739
1987-06-01,retail,4,30.2,38.456051794140244,9.952611653681556,28.503440140458686
1987-07-01,retail,4,30.2,35.141497096824814,10.193314850656483,24.94818224616833
1987-08-01,retail,4,30.2,37.88534900505207,11.406206825445924,26.479142179606146
1987-09-01,retail,4,30.2,38.66922789605678,11.32584173736727,27.343386158689512
1987-10-01,retail,4,30.2,40.133867397491294,9.567307895014228,30.566559502477066
1987-11-01,retail,4,30.2,45.886287625418085,14.733295600720352,31.15299202469773
1987-12-01,retail,4,30.2,32.519280205655534,7.481387345551042,25.037892860104492
1988-01-01,retail,4,30.2,24.374838399881792,10.071695046725516,14.303143353156276
1988-02-01,retail,4,30.2,50.70257037943695,15.946188494492043,34.75638188494491
1988-03-01,retail,4,30.2,21.368243243243246,4.257529560810813,17.110713682432433
1988-04-01,retail,4,30.2,22.71625574592562,8.5189343919766,14.197321353949018
1988-05-01,retail,4,30.2,25.028689011119454,9.33508369277037,15.693605318349084
1988-06-01,retail,4,30.2,20.01188825044582,6.718815137705567,13.293073112740254
1988-07-01,retail,4,30.2,21.362492742403717,6.119744532610799,15.242748209792918
1988-08-01,retail,4,30.2,27.457284929150937,10.21181440909261,17.245470520058326
1988-09-01,retail,4,30.2,27.885947360320152,10.621667692781283,17.26427966753887
1988-10-01,retail,4,30.2,37.447816766331954,15.740520516002862,21.707296250329094
1988-11-01,retail,4,30.2,22.209290022219854,7.675254823122775,14.53403519909708
1988-12-01,retail,4,30.2,44.92975814273645,19.734445104971687,25.195313037764766
1989-01-01,retail,4,30.2,30.52090757899739,10.737788073176528,19.783119505820864
1989-02-01,retail,4,30.2,20.424937461421,9.771082810824861,10.653854650596138
1989-03-01,retail,4,30.2,36.315240083507305,17.681736256089078,18.633503827418227
1989-04-01,retail,4,30.2,19.03561942382348,7.661404345161071,11.37421507866241
1989-05-01,retail,4,30.2,8.690973540954538,3.810045575389291,4.880927965565247
1989-06-01,retail,4,30.2,8.202080237741448,2.8080237741456173,5.394056463595831
1989-07-01,retail,4,30.2,8.09785035402182,2.639073164508515,5.458777189513304
1989-08-01,retail,4,30.2,7.565046493209349,2.756017717286088,4.809028775923261
1989-09-01,retail,4,30.2,9.848051752670383,2.6671370543102153,7.1809146983601675
1989-10-01,retail,4,30.2,0.11218738028786479,-1.4571170579543593,1.569304438242224
1989-11-01,retail,4,30.2,11.67388167388168,5.833021645021644,5.840860028860037
1989-12-01,retail,4,30.2,0.1791843872110066,-0.20950540791433728,0.38868979512534385
1990-01-01,retail,4,30.2,17.08116225625158,8.31281257821566,8.768349678035921
1990-02-01,retail,4,30.2,1.44599115139743,1.7968409409733455,-0.3508497895759155
1990-03-01,retail,4,30.2,5.921841897031421,2.4305536411670126,3.4912882558644087
1990-04-01,retail,4,30.2,26.470419956516757,12.924553724682454,13.545866231834303
1990-05-01,retail,4,30.2,-5.91695300215479,-3.813796517383963,-2.1031564847708264
1990-06-01,retail,4,30.2,3.600964326039846,-1.1578137874210397,4.7587781134608855
1990-07-01,retail,4,30.2,-1.0474139202785393,-3.4537220074941737,2.4063080872156344
1990-08-01,retail,4,30.2,-2.822470684483236,-2.4038969184619594,-0.4185737660212765
1990-09-01,retail,4,30.2,-9.499287827325531,-3.3338665497973055,-6.165421277528226
1990-10-01,retail,4,30.2,4.250143493590608,4.443832508814607,-0.19368901522399895
1990-11-01,retail,4,30.2,-10.675797906706297,-5.299413360899341,-5.376384545806956
1990-12-01,retail,4,30.2,-0.8447547625204832,0.24977157141625783,-1.094526333936741
1991-01-01,retail,4,30.2,-23.45110385572139,-10.22217428482587,-13.228929570895518
1991-02-01,retail,4,30.2,0.6355706839697994,-0.14917030103180529,0.7847409850016047
1991-03-01,retail,4,30.2,-12.531026339253447,-4.605831746873269,-7.925194592380178
1991-04-01,retail,4,30.2,-16.322468275690472,-6.459824922527085,-9.862643353163387
1991-05-01,retail,4,30.2,14.017332095326518,9.317722067471372,4.699610027855146
1991-06-01,retail,4,30.2,4.981000913134426,5.252708474476423,-0.27170756134199703
1991-07-01,retail,4,30.2,10.993499910549254,10.425797602719305,0.5677023078299488
1991-08-01,retail,4,30.2,9.886347691875974,6.745228006173705,3.141119685702269
1991-09-01,retail,4,30.2,9.27360774818402,5.347064164648911,3.926543583535109
1991-10-01,retail,4,30.2,11.78490902417282,5.386487336794087,6.3984216873787325
1991-11-01,retail,4,30.2,22.346950584423087,12.711268950352968,9.635681634070119
1991-12-01,retail,4,30.2,-5.405111709988708,-2.8318656002781895,-2.573246109710518
1992-01-01,retail,4,30.2,29.932214577673967,13.349054304501257,16.58316027317271
1992-02-01,retail,4,30.2,-3.9822424226409248,-2.6506355204397116,-1.3316069022012131
1992-03-01,retail,4,30.2,14.375843733641913,6.557481334545556,7.818362399096357
1992-04-01,retail,4,30.2,7.939339875111506,3.4788230205714594,4.460516854540047
1992-05-01,retail,4,30.2,11.012785363337763,4.361964222698771,6.650821140638992
1992-06-01,retail,4,30.2,24.72502805836139,13.049006734006733,11.676021324354656
1992-07-01,retail,4,30.2,8.824714573539282,3.744779046339828,5.079935527199455
1992-08-01,retail,4,30.2,6.312886255682115,2.53838040757955,3.774505848102565
1992-09-01,retail,4,30.2,18.413472191446935,9.3525232661201,9.060948925326835
1992-10-01,retail,4,30.2,-5.624223092619096,-3.2085113868236506,-2.4157117057954456
1992-11-01,retail,4,30.2,-3.748108210366996,-2.933531971244797,-0.8145762391221991
1992-12-01,retail,4,30.2,8.792647903503736,1.9880114876507748,6.804636415852961
1993-01-01,retail,4,30.2,8.892319115262115,6.847759823365049,2.044559291897066
1993-02-01,retail,4,30.2,9.802950242184071,7.554100616468517,2.248849625715554
1993-03-01,retail,4,30.2,13.004937974226195,8.97796699987956,4.026970974346634
1993-04-01,retail,4,30.2,3.633859253693972,4.679371399949913,-1.0455121462559411
1993-05-01,retail,4,30.2,8.374902190923317,7.421290590766822,0.9536116001564947
1993-06-01,retail,4,30.2,4.087555115630348,4.422104742193829,-0.3345496265634811
1993-07-01,retail,4,30.2,17.22784497654899,13.67152308072081,3.55632189582818
1993-08-01,retail,4,30.2,7.691568580350694,7.600417967811676,0.09115061253901757
1993-09-01,retail,4,30.2,2.5261976047904255,2.373152133233534,0.1530454715568914
1993-10-01,retail,4,30.2,9.205000124257555,5.526228285991201,3.6787718382663543
1993-11-01,retail,4,30.2,12.615777706802934,8.760029973220643,3.855747733582291
1993-12-01,retail,4,30.2,17.209410373373892,10.18364166244298,7.025768710930912
1994-01-01,retail,9,65.8,4.04450026915486,2.098926969316348,1.9455732998385122
1994-02-01,retail,9,65.8,12.552007619429538,8.78800691763998,3.764000701789559
1994-03-01,retail,9,65.8,27.899987210640752,22.911327109178497,4.988660101462255
1994-04-01,retail,9,65.8,-9.414948889587016,-9.725013895265946,0.31006500567892914
1994-05-01,retail,9,65.8,-3.9371855328174,-5.081457999593871,1.1442724667764712
1994-06-01,retail,9,65.8,-8.003198685945224,-7.4031295251680405,-0.6000691607771831
1994-07-01,retail,9,65.8,0.8465118237907854,-2.1801532986586363,3.0266651224494217
1994-08-01,retail,9,65.8,-1.6729122055674561,-1.890364025695934,0.21745182012847786
1994-09-01,retail,9,65.8,5.181146194561048,2.662750958204049,2.5183952363569992
1994-10-01,retail,9,65.8,2.5373779669116914,-0.035088637553194725,2.572466604464886
1994-11-01,retail,9,65.8,5.000218159605563,2.47687726340591,2.523340896199653
1994-12-01,retail,9,65.8,-3.1152591845191924,-4.173766238446151,1.058507053926959
1995-01-01,retail,9,65.8,5.658457505518766,4.573440949227373,1.085016556291393
1995-02-01,retail,9,65.8,-10.971807776243715,-11.105215338707522,0.13340756246380714
1995-03-01,retail,9,65.8,-17.297468459910338,-17.427373631318435,0.12990517140809743
1995-04-01,retail,9,65.8,19.418434040282783,12.105167400293457,7.313266639989326
1995-05-01,retail,9,65.8,8.636320931980457,3.869539177001126,4.7667817549793305
1995-06-01,retail,9,65.8,5.835643471315111,2.9365996335103133,2.8990438378047974
1995-07-01,retail,9,65.8,-2.795932429892878,-4.827909210498844,2.0319767806059663
1995-08-01,retail,9,65.8,6.7397123542488835,3.0128578558141617,3.726854498434722
1995-09-01,retail,9,65.8,5.305511571915056,2.327288896601086,2.97822267531397
1995-10-01,retail,9,65.8,4.585201296107244,1.6148919170846505,2.9703093790225936
1995-11-01,retail,9,65.8,1.7805942239767392,-0.5483731560357401,2.3289673800124793
1995-12-01,retail,9,65.8,0.2789555902700247,-2.178959309677901,2.4579148999479257
1996-01-01,retail,9,65.8,-10.795723496286625,-11.718193095568433,0.9224695992818077
1996-02-01,retail,9,65.8,28.52747692538584,22.823807498936944,5.703669426448897
1996-03-01,retail,9,65.8,-5.8761889408350925,-5.351523456392069,-0.5246654844430232
1996-04-01,retail,9,65.8,0.1675453489411005,-1.7063108748101192,1.8738562237512197
1996-05-01,retail,9,65.8,-0.18809590729250703,-2.2857068730676935,2.0976109657751865
1996-06-01,retail,9,65.8,2.6970033296337403,-0.9615027746947833,3.6585061043285236
1996-07-01,retail,9,65.8,2.680873002234052,0.9273801340436517,1.7534928681904005
1996-08-01,retail,9,65.8,-3.4280492210911118,-3.7472743502008345,0.3192251291097228
1996-09-01,retail,9,65.8,-2.142165647078209,-1.9631568106449135,-0.17900883643329557
1996-10-01,retail,9,65.8,1.619132501485443,1.1125541125541087,0.5065783889313342
1996-11-01,retail,9,65.8,0.8492048910935468,0.15012758486945715,0.6990773062240896
1996-12-01,retail,9,65.8,9.918029746671131,8.579164348503397,1.3388653981677336
1997-01-01,retail,9,65.8,13.657572597024759,9.522493641470422,4.135078955554336
1997-02-01,retail,9,65.8,-22.421376303907834,-15.619177175774562,-6.802199128133273
1997-03-01,retail,9,65.8,1.6742313950500964,0.2555943307356335,1.418637064314463
1997-04-01,retail,9,65.8,1.255603380985315,0.18810187559936664,1.0675015053859485
1997-05-01,retail,9,65.8,-0.03249144391975767,-0.6125243685829359,0.5800329246631782
1997-06-01,retail,9,65.8,1.5908354047335926,1.4003090889441252,0.19052631578946744
1997-07-01,retail,9,65.8,6.763598326359843,7.77749581589958,-1.0138974895397368
1997-08-01,retail,9,65.8,1.095950704225368,2.2489590669014086,-1.1530083626760406
1997-09-01,retail,9,65.8,1.1871434886021603,-1.8313730030099555,3.018516491612116
1997-10-01,retail,9,65.8,-6.519514690834671,-7.329260550880196,0.809745860045525
1997-11-01,retail,9,65.8,-8.703924862862578,-6.197726858692793,-2.5061980041697858
1997-12-01,retail,9,65.8,-15.765142567909562,-10.957641302513922,-4.80750126539564
1998-01-01,retail,9,65.8,-8.730580375110685,-6.507809707800048,-2.2227706673106375
1998-02-01,retail,9,65.8,-4.941926096881821,-9.28604219451622,4.344116097634399
1998-03-01,retail,9,65.8,-20.0210570646452,-14.362537376289746,-5.658519688355453
1998-04-01,retail,9,65.8,4.5504603321439685,-0.9102616624818266,5.460721994625795
1998-05-01,retail,9,65.8,-6.021537994843018,-4.674193408593532,-1.347344586249486
1998-06-01,retail,9,65.8,-8.421097423459067,-6.504129699368099,-1.9169677240909673
1998-07-01,retail,9,65.8,-12.7192208962828,-11.598855642427447,-1.1203652538553541
1998-08-01,retail,9,65.8,-10.490225956724286,-9.718126605424702,-0.772099351299584
1998-09-01,retail,9,65.8,-16.90969983150624,-12.304857196347221,-4.60484263515902
1998-10-01,retail,9,65.8,-10.333966268289952,-7.054415279794483,-3.279550988495469
1998-11-01,retail,9,65.8,-2.5763252998691866,-3.7789282309380727,1.2026029310688862
1998-12-01,retail,9,65.8,4.648880342907491,1.2223891359211634,3.4264912069863276
1999-01-01,retail,9,65.8,-12.663162350948987,-10.283964227757004,-2.3791981231919834
1999-02-01,retail,9,65.8,10.738131053228827,12.190050932889978,-1.4519198796611512
1999-03-01,retail,9,65.8,19.059027960612916,11.909515033436893,7.149512927176023
1999-04-01,retail,9,65.8,-3.9774163647088634,-0.8410381730850259,-3.1363781916238374
1999-05-01,retail,9,65.8,10.645116665129573,6.911560453748963,3.733556211380609
1999-06-01,retail,9,65.8,21.98266849429642,15.012882466370835,6.9697860279255845
1999-07-01,retail,9,65.8,12.743029051232547,9.528045440258628,3.2149836109739187
1999-08-01,retail,9,65.8,25.355674992096123,16.332301369196724,9.023373622899399
1999-09-01,retail,9,65.8,34.4682555577809,21.686100540757057,12.782155017023843
1999-10-01,retail,9,65.8,30.1676673559381,19.304888014150823,10.862779341787277
1999-11-01,retail,9,65.8,22.455110261486986,14.432994242279417,8.02211601920757
1999-12-01,retail,9,65.8,15.752100599077457,10.15260971921833,5.599490879859127
2000-01-01,retail,9,65.8,41.51636943832935,27.540466140205606,13.975903298123743
2000-02-01,retail,9,65.8,10.318859920880797,4.116791382679566,6.202068538201231
2000-03-01,retail,9,65.8,25.665067114836027,14.709827292629532,10.955239822206496
2000-04-01,retail,9,65.8,25.94997806055288,15.092874067573495,10.857103992979384
2000-05-01,retail,9,65.8,22.9448415261831,13.197161849590527,9.747679676592574
2000-06-01,retail,9,65.8,22.902580706599363,11.275788972478814,11.626791734120548
2000-07-01,retail,9,65.8,28.485801903699848,15.842837229678604,12.642964674021243
2000-08-01,retail,9,65.8,15.9976719371423,9.36868173440683,6.628990202735471
2000-09-01,retail,9,65.8,17.21589216562407,9.145505659815312,8.070386505808758
2000-10-01,retail,9,65.8,9.192696371152964,5.08283379268106,4.109862578471904
2000-11-01,retail,9,65.8,19.66993755575379,12.590090692833778,7.079846862920013
2000-12-01,retail,9,65.8,20.680589314946186,12.484918233377979,8.195671081568207
2001-01-01,retail,9,65.8,6.213874894746607,3.5776991251480688,2.6361757695985384
2001-02-01,retail,9,65.8,22.49632765920677,10.49172859241338,12.00459906679339
2001-03-01,retail,9,65.8,21.35780526862232,11.394073239833178,9.963732028789144
2001-04-01,retail,9,65.8,6.295289855072461,4.011951295986623,2.2833385590858386
2001-05-01,retail,9,65.8,7.128813559322045,5.15776610169492,1.971047457627125
2001-06-01,retail,9,65.8,-1.5078258174492487,0.3957539129087273,-1.903579730357976
2001-07-01,retail,9,65.8,-4.193853354617727,-2.05996466376331,-2.133888690854417
2001-08-01,retail,9,65.8,7.5145088725728115,2.9828301918348914,4.531678680737921
2001-09-01,retail,9,65.8,-7.967089693292473,-5.652997982814213,-2.3140917104782597
2001-10-01,retail,9,65.8,1.530209812273231,0.01682179102908162,1.5133880212441495
2001-11-01,retail,9,65.8,-4.1589017269225925,-4.295139147720211,0.13623742079761847
2001-12-01,retail,9,65.8,-2.929409185574905,-0.9676435931162998,-1.961765592458605
2002-01-01,retail,9,65.8,-6.798973435631462,-6.7468228907730134,-0.05215054485844828
2002-02-01,retail,9,65.8,-3.4811131097238435,1.9255916481501076,-5.4067047578739516
2002-03-01,retail,9,65.8,-4.556000232005097,-2.5605228815033936,-1.9954773505017034
2002-04-01,retail,9,65.8,-3.2709514601291234,-2.528158696863427,-0.7427927632656965
2002-05-01,retail,9,65.8,-9.943676233268995,-7.380245546308896,-2.563430686960099
2002-06-01,retail,9,65.8,-7.3288544141479335,-5.409235804081377,-1.9196186100665562
2002-07-01,retail,9,65.8,2.2016597376126157,0.8084006017762091,1.3932591358364066
2002-08-01,retail,9,65.8,-8.155995270985017,-4.435663617696472,-3.720331653288545
2002-09-01,retail,9,65.8,-0.9681928792088734,-0.23534162884213752,-0.7328512503667359
2002-10-01,retail,9,65.8,1.5468544989986954,0.9342845797942109,0.6125699192044846
2002-11-01,retail,9,65.8,2.9636711281070705,1.4405839841851116,1.5230871439219589
2002-12-01,retail,9,65.8,8.829009400671882,4.108089376958474,4.720920023713409
2003-01-01,retail,9,65.8,13.36879892738203,11.217924541902745,2.1508743854792858
2003-02-01,retail,9,65.8,-6.597602864868812,-9.972573631513557,3.3749707666447444
2003-03-01,retail,9,65.8,-3.691774786545532,-3.0604737018018286,-0.6313010847437033
2003-04-01,retail,9,65.8,2.4277437061633877,-1.7224087690170427,4.15015247518043
2003-05-01,retail,9,65.8,18.279721016847894,7.707397972628733,10.57232304421916
2003-06-01,retail,9,65.8,10.096945618771125,6.686512504456783,3.4104331143143423
2003-07-01,retail,9,65.8,9.699578967362065,4.825288866377541,4.874290100984524
2003-08-01,retail,9,65.8,7.508341660879725,4.340415982114122,3.167925678765603
2003-09-01,retail,9,65.8,13.864975079293163,7.843133735317695,6.021841343975469
2003-10-01,retail,9,65.8,14.751785107106418,9.398313498809928,5.3534716082964895
2003-11-01,retail,9,65.8,10.923311773129996,7.951919172843587,2.971392600286409
2003-12-01,retail,9,65.8,10.429177312875314,7.379240217377209,3.0499370954981053
2004-01-01,retail,9,65.8,5.480950200925783,2.1980683147667706,3.282881886159012
2004-02-01,retail,9,65.8,40.03442812151563,25.165914203556266,14.868513917959366
2004-03-01,retail,9,65.8,20.600391216557277,11.81282338465422,8.787567831903058
2004-04-01,retail,9,65.8,15.479912006483731,12.665727187019302,2.8141848194644297
2004-05-01,retail,9,65.8,7.93601283308083,7.252325995900541,0.6836868371802893
2004-06-01,retail,9,65.8,17.407395984332098,10.89119452240693,6.516201461925167
2004-07-01,retail,9,65.8,8.354255042853431,6.189956136553834,2.1642989062995976
2004-08-01,retail,9,65.8,10.081293127894897,6.329755490437035,3.7515376374578624
2004-09-01,retail,9,65.8,10.162539410450266,6.981985980593228,3.1805534298570386
2004-10-01,retail,9,65.8,12.887980206527704,7.93461339022475,4.953366816302954
2004-11-01,retail,9,65.8,11.01526587594348,6.358999205493441,4.65626667045004
2004-12-01,retail,9,65.8,2.6473420873364573,1.0512896102980862,1.596052477038371
2005-01-01,retail,9,65.8,11.61960793769441,8.063519639283394,3.556088298411016
2005-02-01,retail,9,65.8,-3.5942280022909334,-0.38749353932976455,-3.206734462961169
2005-03-01,retail,9,65.8,10.737596630521518,11.150897960785338,-0.41330133026382043
2005-04-01,retail,9,65.8,11.037268326219607,8.170464636626662,2.8668036895929454
2005-05-01,retail,9,65.8,6.998857834840155,5.918947556729833,1.0799102781103223
2005-06-01,retail,9,65.8,7.192581501037654,5.323324664407494,1.8692568366301598
2005-07-01,retail,9,65.8,9.766165974219664,6.161732981783312,3.604432992436352
2005-08-01,retail,9,65.8,9.58023843258482,5.872349834700094,3.707888597884727
2005-09-01,retail,9,65.8,10.011392369890814,7.220554891772486,2.790837478118328
2005-10-01,retail,9,65.8,11.259121213712021,8.317180691899841,2.94194052181218
2005-11-01,retail,9,65.8,2.0716184439218743,1.7132450669665722,0.35837337695530214
2005-12-01,retail,9,65.8,8.647993043159863,5.545283537003982,3.1027095061558807
2006-01-01,retail,9,65.8,6.153331029119502,5.374727814741207,0.778603214378295
2006-02-01,retail,9,65.8,2.9327382849856587,1.0188440026661227,1.913894282319536
2006-03-01,retail,9,65.8,9.93975903614459,6.79768603827073,3.1420729978738597
2006-04-01,retail,9,65.8,6.857231309013989,4.900487590939577,1.9567437180744118
2006-05-01,retail,9,65.8,12.814609992926496,9.242826827856728,3.5717831650697676
2006-06-01,retail,9,65.8,4.402646734468818,2.9037115549565,1.4989351795123182
2006-07-01,retail,9,65.8,2.987989809535363,2.619318209389786,0.36867160014557676
2006-08-01,retail,9,65.8,2.6813117922865004,1.8052555278383662,0.8760562644481342
2006-09-01,retail,9,65.8,2.722772277227725,0.578225399070517,2.1445468781572083
2006-10-01,retail,9,65.8,1.296372751400754,0.3529330580949558,0.9434396933057981
2006-11-01,retail,9,65.8,8.29107663799471,5.962074146414754,2.3290024915799554
2006-12-01,retail,9,65.8,4.931861743581112,2.0328853971396694,2.8989763464414424
2007-01-01,retail,9,65.8,-0.4670282150161298,-0.9984228894699904,0.5313946744538606
2007-02-01,retail,9,65.8,19.192544835158643,14.577672513302742,4.6148723218559
2007-03-01,retail,9,65.8,-4.594144507117914,-4.4407531560569415,-0.15339135106097235
2007-04-01,retail,9,65.8,1.0791887976822734,-0.11626991791404903,1.1954587155963223
2007-05-01,retail,9,65.8,2.3677880504793913,0.44415007011024266,1.9236379803691488
2007-06-01,retail,9,65.8,15.249463047075796,10.984241165217188,4.265221881858608
2007-07-01,retail,9,65.8,-1.7009647438540276,-2.9348532859010756,1.233888542047048
2007-08-01,retail,9,65.8,7.079623505469357,3.963673365555839,3.115950139913518
2007-09-01,retail,9,65.8,7.322350626997798,4.919403737398575,2.4029468895992228
2007-10-01,retail,9,65.8,5.077206139227242,2.9685842047651163,2.1086219344621253
2007-11-01,retail,9,65.8,0.7353366246198867,-1.231890023239413,1.9672266478592997
2007-12-01,retail,9,65.8,3.321055431215303,1.103044049901139,2.218011381314164
2008-01-01,retail,9,65.8,8.58191408885527,4.819223692012022,3.7626903968432472
2008-02-01,retail,9,65.8,-0.888133030990168,-2.90066728080121,2.012534249811042
2008-03-01,retail,9,65.8,5.580017792993153,2.9005754569308184,2.6794423360623343
2008-04-01,retail,9,65.8,7.597869443714633,4.163769794826472,3.4340996488881617
2008-05-01,retail,9,65.8,5.1104726268430545,2.5959285491558615,2.514544077687193
2008-06-01,retail,9,65.8,-3.6467880565399846,-3.6620076174182237,0.015219560878239058
2008-07-01,retail,9,65.8,11.39378542582894,7.512868937914176,3.8809164879147637
2008-08-01,retail,9,65.8,4.006604423538351,1.133651676050649,2.8729527474877026
2008-09-01,retail,9,65.8,7.091962976539579,3.2950627749266825,3.796900201612896
2008-10-01,retail,9,65.8,-3.3501784249839295,-5.161348272269873,1.8111698472859432
2008-11-01,retail,9,65.8,-2.922171083590608,-4.361194578029771,1.439023494439163
2008-12-01,retail,9,65.8,-0.619742389213751,-1.636196646785692,1.016454257571941
2009-01-01,retail,11,86.1,-11.750473088112068,-9.262793149872431,-2.487679938239637
2009-02-01,retail,11,86.1,-5.542183031458525,-6.234301715919921,0.6921186844613958
2009-03-01,retail,11,86.1,-6.991701687394681,-6.8901390873989365,-0.10156259999574413
2009-04-01,retail,11,86.1,-11.28240987391228,-8.919959820635764,-2.3624500532765165
2009-05-01,retail,11,86.1,-10.475181437728454,-8.864851406473486,-1.6103300312549678
2009-06-01,retail,11,86.1,-8.618083813348832,-7.402547164825874,-1.2155366485229582
2009-07-01,retail,11,86.1,-9.701259722237165,-7.628015103757651,-2.0732446184795137
2009-08-01,retail,11,86.1,-4.756792562729117,-3.154851014744347,-1.6019415479847705
2009-09-01,retail,11,86.1,-11.949254976627754,-8.677548750093596,-3.2717062265341585
2009-10-01,retail,11,86.1,-4.563644494387176,-3.017826879636745,-1.5458176147504306
2009-11-01,retail,11,86.1,-1.5074307468580517,-0.5290017852709263,-0.9784289615871253
2009-12-01,retail,11,86.1,-4.781639754466916,-3.83500606013215,-0.946633694334766
2010-01-01,retail,11,86.1,-0.22083297772468313,-2.9613648971579765,2.7405319194332933
2010-02-01,retail,11,86.1,1.5428477715121902,4.443748501936442,-2.900900730424252
2010-03-01,retail,11,86.1,-2.9449879012373947,-2.811818942877786,-0.1331689583596085
2010-04-01,retail,11,86.1,-2.364539415245648,-1.061461760768665,-1.3030776544769829
2010-05-01,retail,11,86.1,-5.5196572699945605,-2.6800220123553204,-2.83963525763924
2010-06-01,retail,11,86.1,-6.671215923942587,-4.810823377013914,-1.8603925469286722
2010-07-01,retail,11,86.1,-1.3962520401720302,0.0031308450184059367,-1.3993828851904362
2010-08-01,retail,11,86.1,-1.0780152049308156,-0.7201861045159106,-0.357829100414905
2010-09-01,retail,11,86.1,1.4432188152971426,0.6478570387288041,0.7953617765683385
2010-10-01,retail,11,86.1,-0.22227295118404378,1.2750501615984464,-1.4973231127824902
2010-11-01,retail,11,86.1,1.9398362662953472,1.9127325762850194,0.027103690010327863
2010-12-01,retail,11,86.1,3.235608113656885,3.748447893569844,-0.5128397799129591
2011-01-01,retail,11,86.1,3.4288830202397147,7.388191897700179,-3.9593088774604643
2011-02-01,retail,11,86.1,-11.424737862147783,-9.262043432887742,-2.162694429260041
2011-03-01,retail,11,86.1,0.7290472758209265,2.2474743297373294,-1.5184270539164029
2011-04-01,retail,11,86.1,8.366115247113681,7.772593892953705,0.593521354159976
2011-05-01,retail,11,86.1,9.678833579677825,7.925207305158201,1.7536262745196236
2011-06-01,retail,11,86.1,11.055481888143959,8.891773759805684,2.163708128338275
2011-07-01,retail,11,86.1,10.727705486486162,8.593369338021192,2.1343361484649694
2011-08-01,retail,11,86.1,3.4123280198799844,4.637251954663915,-1.2249239347839307
2011-09-01,retail,11,86.1,-0.22154627323242027,1.4409752826211912,-1.6625215558536115
2011-10-01,retail,11,86.1,8.519374804325297,6.647779543867248,1.871595260458049
2011-11-01,retail,11,86.1,5.588657827182608,3.628222368761922,1.9604354584206862
2011-12-01,retail,11,86.1,3.850131254474576,3.5746141913928886,0.2755170630816872
2012-01-01,retail,11,86.1,2.2638934832947433,3.0924960717829975,-0.8286025884882542
2012-02-01,retail,11,86.1,19.92538150807899,13.588958707360861,6.336422800718127
2012-03-01,retail,11,86.1,8.985548048048052,7.237180930930933,1.7483671171171196
2012-04-01,retail,11,86.1,2.376729336644212,2.0238831737022602,0.3528461629419519
2012-05-01,retail,11,86.1,0.6578271148113712,0.5938637064446524,0.06396340836671888
2012-06-01,retail,11,86.1,-0.8491976700069293,-0.31638248487959436,-0.5328151851273348
2012-07-01,retail,11,86.1,-2.913384108417172,-1.6861816118543098,-1.227202496562862
2012-08-01,retail,11,86.1,3.6806939397491467,3.2977142187316884,0.38297972101745836
2012-09-01,retail,11,86.1,2.7256688150361974,2.2629472269230337,0.46272158811316366
2012-10-01,retail,11,86.1,-1.2006080713707012,-0.5683580963371444,-0.6322499750335568
2012-11-01,retail,11,86.1,-1.3962617656243181,0.3321396707855667,-1.728401436409885
2012-12-01,retail,11,86.1,-1.7081577939486725,-0.23562523937188956,-1.472532554576783
2013-01-01,retail,11,86.1,-2.447283828316127,-3.928323191072114,1.481039362755987
2013-02-01,retail,11,86.1,-3.006947205913313,3.0591915978573594,-6.066138803770672
2013-03-01,retail,11,86.1,-7.5224953717656255,-3.934013217376332,-3.5884821543892937
2013-04-01,retail,11,86.1,-0.5116655116655044,-0.028066528066529133,-0.4835989835989753
2013-05-01,retail,11,86.1,2.8546467431385336,1.8067746803272184,1.0478720628113152
2013-06-01,retail,11,86.1,-4.183314013032757,-1.3506927171845622,-2.8326212958481953
2013-07-01,retail,11,86.1,-8.163999280704903,-4.324497617335012,-3.8395016633698917
2013-08-01,retail,11,86.1,-7.661955907292262,-3.7997128321085376,-3.862243075183724
2013-09-01,retail,11,86.1,-6.02406823227013,-2.90344666432995,-3.12062156794018
2013-10-01,retail,11,86.1,-9.70810543694337,-5.71779894203664,-3.99030649490673
2013-11-01,retail,11,86.1,-8.706568946796956,-4.709031170828809,-3.997537775968147
2013-12-01,retail,11,86.1,-5.521352867830432,-3.0561233634663334,-2.4652295043640984
2014-01-01,retail,11,86.1,2.647531215999188,4.933339205222525,-2.285807989223337
2014-02-01,retail,11,86.1,-8.781999493554881,-9.94469619322087,1.1626966996659895
2014-03-01,retail,11,86.1,-0.3119216936882441,1.6555104226073398,-1.967432116295584
2014-04-01,retail,11,86.1,-7.974505729245274,-5.045833962176536,-2.928671767068738
2014-05-01,retail,11,86.1,-6.554664489867967,-2.774028438110159,-3.780636051757808
2014-06-01,retail,11,86.1,-1.5786506295809022,-0.7498426047735399,-0.8288080248073623
2014-07-01,retail,11,86.1,3.312854905032303,2.752910221264931,0.5599446837673723
2014-08-01,retail,11,86.1,3.466261800105297,1.8392969524812366,1.6269648476240604
2014-09-01,retail,11,86.1,2.0613173533580387,2.017749956486065,0.04356739687197386
2014-10-01,retail,11,86.1,7.958206356116682,4.223020088313954,3.7351862678027272
2014-11-01,retail,11,86.1,6.033350677667926,3.4774288262841013,2.5559218513838244
2014-12-01,retail,11,86.1,4.590258588691376,0.20026807440095673,4.389990514290419
2015-01-01,retail,11,86.1,-5.282656975570365,-8.031206339592163,2.748549364021798
2015-02-01,retail,11,86.1,14.44849830795263,14.68161220389171,-0.2331138959390806
2015-03-01,retail,11,86.1,2.036170038878704,1.6665082719407815,0.3696617669379225
2015-04-01,retail,11,86.1,4.988141494676279,3.6504907402735047,1.3376507544027745
2015-05-01,retail,11,86.1,5.864645677656988,5.157638323240196,0.7070073544167919
2015-06-01,retail,11,86.1,7.147460378079051,7.307236967729618,-0.15977658965056651
2015-07-01,retail,11,86.1,5.204989398121285,4.520579490399082,0.6844099077222028
2015-08-01,retail,11,86.1,6.5890372053393875,6.268481965350753,0.3205552399886349
2015-09-01,retail,11,86.1,4.251327778589875,3.7859084929103948,0.4654192856794803
2015-10-01,retail,11,86.1,2.916133789591324,4.366481167836114,-1.45034737824479
2015-11-01,retail,11,86.1,4.788054400149577,5.241098051128661,-0.45304365097908406
2015-12-01,retail,11,86.1,2.8105283911671997,4.6845849763406955,-1.8740565851734958
2016-01-01,retail,11,86.1,7.895381926311185,9.226671427201122,-1.3312895008899375
2016-02-01,retail,11,86.1,-2.497170181801389,-2.4867021645221614,-0.010468017279227748
2016-03-01,retail,11,86.1,5.340122432633443,5.690656216030668,-0.35053378339722485
2016-04-01,retail,11,86.1,3.3500757011367233,4.785106101751941,-1.4350304006152177
2016-05-01,retail,11,86.1,3.120016949341542,4.020843229741634,-0.9008262804000919
2016-06-01,retail,11,86.1,1.542642652677051,1.7335973090074739,-0.19095465633042297
2016-07-01,retail,11,86.1,2.8835868622836713,3.159266098431535,-0.2756792361478637
2016-08-01,retail,11,86.1,-0.5218047783995039,0.14526267874589124,-0.6670674571453952
2016-09-01,retail,11,86.1,1.8835736486644494,1.9987847911944099,-0.11521114252996045
2016-10-01,retail,11,86.1,2.0017016703237633,2.3396052572656827,-0.33790358694191935
2016-11-01,retail,11,86.1,0.7214057935463591,1.1093860803246915,-0.3879802867783324
2016-12-01,retail,11,86.1,0.65777487990335,0.754999952057226,-0.09722507215387599
2017-01-01,retail,11,86.1,2.8991949424606034,4.0546500716155505,-1.155455129154947
2017-02-01,retail,11,86.1,-2.1038665655799815,-3.4231141015921187,1.3192475360121372
2017-03-01,retail,11,86.1,2.0573092046664243,2.4800156416328125,-0.4227064369663882
2017-04-01,retail,11,86.1,0.6441111498662888,1.1683734449482646,-0.5242622950819757
2017-05-01,retail,11,86.1,0.19356164235431184,0.5618380786573963,-0.3682764363030845
2017-06-01,retail,11,86.1,1.452295812035187,1.930297479323433,-0.4780016672882461
2017-07-01,retail,11,86.1,1.01013417383502,1.7261967299231722,-0.7160625560881522
2017-08-01,retail,11,86.1,2.974263967322144,3.4295752326957007,-0.45531126537355693
2017-09-01,retail,11,86.1,-0.5275592357272374,-0.6317246599536662,0.10416542422642883
2017-10-01,retail,11,86.1,0.20524190007904508,0.9425114145227875,-0.7372695144437424
2017-11-01,retail,11,86.1,5.285997365303929,3.8996811796353463,1.386316185668583
2017-12-01,retail,11,86.1,6.3337683492574515,4.836347009344903,1.4974213399125489
2018-01-01,retail,11,86.1,-7.454161466833065,-7.607203609484499,0.1530421426514339
2018-02-01,retail,11,86.1,8.547918683446266,10.989519603097776,-2.44160091965151
2018-03-01,retail,11,86.1,-1.0185618800289564,-0.6867799821192913,-0.33178189790966517
2018-04-01,retail,11,86.1,1.1240238436301508,0.8885033039138681,0.23552053971628273
2018-05-01,retail,11,86.1,0.13059057157658316,0.2604634346399567,-0.12987286306337353
2018-06-01,retail,11,86.1,1.6899124229646567,2.276595307600818,-0.5866828846361614
2018-07-01,retail,11,86.1,-2.5396275068528706,-2.650012459776591,0.11038495292372019
2018-08-01,retail,11,86.1,-0.446530178720439,-0.8831478209977575,0.4366176422773185
2018-09-01,retail,11,86.1,1.739802153711345,2.205844305577972,-0.4660421518666271
2018-10-01,retail,11,86.1,0.3537826263157351,-0.6641168030317959,1.017899429347531
2018-11-01,retail,11,86.1,-1.9998317701980906,-1.49240021869874,-0.5074315514993506
2018-12-01,retail,11,86.1,-5.939476466056304,-5.011921953666711,-0.9275545123895927
2019-01-01,retail,11,86.1,7.697733520045635,8.399390073128991,-0.7016565530833558
2019-02-01,retail,11,86.1,-9.58151253009899,-9.404060019620086,-0.1774525104789042
2019-03-01,retail,11,86.1,-0.4311874321229259,-0.09461392057978747,-0.3365735115431384
2019-04-01,retail,11,86.1,-1.5570558735163442,-0.7487816580417466,-0.8082742154745977
2019-05-01,retail,11,86.1,-1.6383370878558234,-1.5813822391325412,-0.05695484872328227
2019-06-01,retail,11,86.1,-8.728057584553394,-8.673698871912647,-0.05435871264074699
2019-07-01,retail,11,86.1,-1.4674329927851337,-1.077741709559437,-0.3896912832256967
2019-08-01,retail,11,86.1,-4.2545315987153725,-4.049599912906212,-0.20493168580916077
2019-09-01,retail,11,86.1,-2.1520120576136392,-2.765562140906358,0.613550083292719
2019-10-01,retail,11,86.1,-4.362489358451027,-4.088256095697538,-0.2742332627534889
2019-11-01,retail,11,86.1,-4.412806042529449,-4.425602429028174,0.012796386498725276
2019-12-01,retail,11,86.1,-3.512514762467134,-2.8555878319174055,-0.6569269305497283
2020-01-01,retail,11,86.1,-6.803690790360795,-5.44884422013754,-1.3548465702232546
2020-02-01,retail,11,86.1,-8.409670936640811,-9.27738475384976,0.8677138172089478
2020-03-01,retail,11,86.1,-13.632043888636913,-13.91857491522495,0.28653102658803675
2020-04-01,retail,11,86.1,-39.95868823543064,-36.15984983869844,-3.798838396732201
2020-05-01,retail,11,86.1,-51.64535323317663,-45.20496290695508,-6.4403903262215465
2020-06-01,retail,11,86.1,-27.618703695074785,-25.900512557662736,-1.7181911374120489
2020-07-01,retail,11,86.1,-8.679611431408162,-9.40989924745862,0.730287816050458
2020-08-01,retail,11,86.1,-5.687516345071475,-5.454280418888648,-0.23323592618282696
2020-09-01,retail,11,86.1,-10.567034188826085,-7.616304549244882,-2.950729639581203
2020-10-01,retail,11,86.1,-8.490727532096997,-6.408774893009988,-2.0819526390870093
2020-11-01,retail,11,86.1,-1.3895592246304433,-2.9754245563624524,1.585865331732009
2020-12-01,retail,11,86.1,-3.210013029573189,-4.622928100446164,1.4129150708729754
2021-01-01,retail,11,86.1,-6.488084165271502,-8.233733283727084,1.7456491184555816
2021-02-01,retail,11,86.1,5.5150226146887915,6.065491061813484,-0.5504684471246923
2021-03-01,retail,11,86.1,6.296967802438269,5.885304157549233,0.4116636448890363
2021-04-01,retail,11,86.1,54.41824507151141,48.19439505218399,6.223850019327415
2021-05-01,retail,11,86.1,80.92551045844947,68.65461962064042,12.270890837809048
2021-06-01,retail,11,86.1,26.690271183712877,24.3553955097771,2.3348756739357768
2021-07-01,retail,11,86.1,0.3286384976525891,1.0645712873733635,-0.7359327897207744
2021-08-01,retail,11,86.1,-2.464283561396108,-1.7153704261860294,-0.7489131352100784
2021-09-01,retail,11,86.1,6.880341880341878,3.864229474229474,3.0161124061124043
2021-10-01,retail,11,86.1,7.699694456569173,4.070594250795036,3.6291002057741366
2021-11-01,retail,11,86.1,2.3504638324511884,3.5015673553013453,-1.151103522850157
2021-12-01,retail,11,86.1,6.7502243615892965,6.6408644040140326,0.10935995757526396
2022-01-01,retail,11,86.1,12.313779231687372,11.772960965474557,0.5408182662128151
2022-02-01,retail,11,86.1,-3.4279517764878586,-3.234602283600178,-0.19334949288768044
2022-03-01,retail,11,86.1,9.055298726047223,7.599917657714881,1.4553810683323416
2022-04-01,retail,11,86.1,12.287223390407531,10.964959447281466,1.3222639431260657
2022-05-01,retail,11,86.1,18.223380137029178,16.7367035334494,1.4866766035797774
2022-06-01,retail,11,86.1,15.214878237782493,14.270168574295912,0.9447096634865808
2022-07-01,retail,11,86.1,14.42504248454548,13.222800039405952,1.2022424451395288
2022-08-01,retail,11,86.1,13.488090382071928,12.263721091210247,1.2243692908616808
2022-09-01,retail,11,86.1,11.413616371633161,8.458959446524421,2.95465692510874
2022-10-01,retail,11,86.1,10.86163572991814,9.434584698757511,1.4270510311606284
2022-11-01,retail,11,86.1,6.921708185053377,6.704337188612099,0.21737099644127778
2022-12-01,retail,11,86.1,7.981848578934803,7.294954860281824,0.6868937186529784
2023-01-01,retail,11,86.1,-1.1335681813709142,-1.3772518843602979,0.2436837029893837
2023-02-01,retail,11,86.1,12.46400169092976,10.087919099579912,2.3760825913498476
2023-03-01,retail,11,86.1,4.39870994186109,4.64978804646798,-0.25107810460688995
2023-04-01,retail,11,86.1,3.6248927134306275,3.698514150680504,-0.07362143724987646
2023-05-01,retail,11,86.1,1.7025830101921935,1.127544339202849,0.5750386709893445
2023-06-01,retail,11,86.1,1.0143777013319255,0.42726360589221,0.5871140954397155
2023-07-01,retail,11,86.1,1.4302625914765388,1.5621405510116237,-0.13187795953508497
2023-08-01,retail,11,86.1,4.329452256216437,3.6817956062866943,0.6476566499297429
2023-09-01,retail,11,86.1,0.7210205213532994,2.362462344893585,-1.6414418235402857
2023-10-01,retail,11,86.1,-0.41258003530433296,1.1216171048371082,-1.5341971401414412
2023-11-01,retail,11,86.1,2.195664836079203,2.521380429355965,-0.32571559327676214
2023-12-01,retail,11,86.1,-0.32646200123861435,0.22844289126780684,-0.5549048925064212
2024-01-01,retail,11,86.1,1.3904094591635552,1.8700420009156578,-0.47963254175210257
2024-02-01,retail,11,86.1,8.384527738949643,9.501651533482901,-1.1171237945332582
2024-03-01,retail,11,86.1,2.9146476282971845,3.849578972382657,-0.9349313440854723
2024-04-01,retail,11,86.1,-1.0251169795084225,-0.43208734469961785,-0.5930296348088047
2024-05-01,retail,11,86.1,2.400175012761352,2.7800058337587092,-0.3798308209973573
2024-06-01,retail,11,86.1,-0.4322389102340174,0.7862807806496684,-1.218519690883686
2024-07-01,retail,11,86.1,1.0037241774448535,1.8366985326104264,-0.8329743551655728
2024-08-01,retail,11,86.1,0.7986386603749951,1.9396156094709154,-1.1409769490959203
2024-09-01,retail,11,86.1,2.0784745616308165,2.0854917076962964,-0.007017146065479984
2024-10-01,retail,11,86.1,3.0479107232757263,3.431302441684849,-0.3833917184091229
2024-11-01,retail,11,86.1,-0.07226095364103458,0.5434410462571878,-0.6157019998982224
2024-12-01,retail,11,86.1,-2.5448025492406434,-1.2845829523970145,-1.260219596843629
2025-01-01,retail,11,86.1,4.483120809651431,4.584945666578321,-0.10182485692689003
2025-02-01,retail,11,86.1,-3.160256201840228,-3.4478590239620237,0.28760282212179566
2025-03-01,retail,11,86.1,2.692554814874315,1.9197654806842805,0.7727893341900345
2025-04-01,retail,11,86.1,0.8651045515802425,-0.1965678389775267,1.0616723905577692
2025-05-01,retail,11,86.1,1.0875204736665367,1.3169232021323165,-0.2294027284657798
2025-06-01,retail,11,86.1,2.526858145143618,2.594298399473799,-0.0674402543301813
2025-07-01,retail,11,86.1,5.203004359472674,4.764023320552551,0.4389810389201232
2025-08-01,retail,11,86.1,5.494391681252786,4.73606723768293,0.7583244435698564
2025-09-01,retail,11,86.1,2.1398123565437244,2.9254513914597906,-0.7856390349160662
2025-10-01,retail,11,86.1,3.95928753180661,4.068029516539441,-0.10874198473283059
2025-11-01,retail,11,86.1,4.869428827507538,4.762934897743014,0.10649392976452443
2025-12-01,retail,11,86.1,2.5037798058181737,1.6325400295098107,0.871239776308363
2026-01-01,retail,11,86.1,-0.14468516883068272,-0.10831000206693081,-0.03637516676375191
2026-02-01,retail,11,86.1,8.612836438923388,7.737486430529906,0.8753500083934824
2026-03-01,retail,11,86.1,4.324958451461525,3.5963984749242375,0.7285599765372872
2026-04-01,retail,11,86.1,5.257089906042567,5.622518532885101,-0.36542862684253397
2026-05-01,retail,11,86.1,2.982911659923926,2.662839401807458,0.3200722581164679
2026-06-01,retail,11,86.1,4.018176958032615,3.3093279871692074,0.708848970863408
2026-07-01,retail,11,86.1,1.457842393257991,1.4404111914366753,0.017431201821315634
1986-01-01,fb,3,79.8,-6.984482115710067,-6.463956056564273,-0.5205260591457943
1986-02-01,fb,3,79.8,-11.901216531340442,-11.42350462169527,-0.47771190964517096
1986-03-01,fb,3,79.8,-12.769282285969407,-13.379347583435655,0.6100652974662477
1986-04-01,fb,3,79.8,-7.7503582232128725,-7.673147587963699,-0.07721063524917327
1986-05-01,fb,3,79.8,-5.146636866108912,-5.459177262979856,0.31254039687094437
1986-06-01,fb,3,79.8,-13.795643182912665,-14.550301691170217,0.7546585082575525
1986-07-01,fb,3,79.8,-3.1601829921157676,-3.212416858635345,0.05223386651957762
1986-08-01,fb,3,79.8,-0.61708860759494,-0.8854525316455725,0.2683639240506325
1986-09-01,fb,3,79.8,-4.425663395129053,-3.9119380831212847,-0.5137253120077685
1986-10-01,fb,3,79.8,-11.541499663555765,-12.74714900090693,1.205649337351165
1986-11-01,fb,3,79.8,-8.75445678757697,-9.41223148775673,0.6577747001797594
1986-12-01,fb,3,79.8,-4.250949500633006,-4.5438992825995195,0.2929497819665139
1987-01-01,fb,3,79.8,-5.704946342666828,-7.637088318736887,1.932141976070059
1987-02-01,fb,3,79.8,-5.593647351468567,-6.67721083011768,1.083563478649113
1987-03-01,fb,3,79.8,4.203454894433767,4.53916826615483,-0.33571337172106297
1987-04-01,fb,3,79.8,5.881743812778306,5.22248800524663,0.6592558075316761
1987-05-01,fb,3,79.8,8.524120362999522,8.05696226715491,0.46715809584461176
1987-06-01,fb,3,79.8,6.720120929315487,7.007995136538397,-0.28787420722290946
1987-07-01,fb,3,79.8,6.5232686702181075,6.84842697758569,-0.3251583073675821
1987-08-01,fb,3,79.8,6.976596083426201,6.559133895876453,0.41746218754974773
1987-09-01,fb,3,79.8,3.854077525276556,2.2926436563024923,1.5614338689740634
1987-10-01,fb,3,79.8,22.542664373594377,21.836783966133087,0.7058804074612901
1987-11-01,fb,3,79.8,16.824904734224646,15.570667829232056,1.2542369049925899
1987-12-01,fb,3,79.8,19.742022683199156,18.72325615560909,1.018766527590067
1988-01-01,fb,3,79.8,19.739682124403156,18.590120347962586,1.1495617764405708
1988-02-01,fb,3,79.8,22.531500185791977,19.610174644461704,2.9213255413302726
1988-03-01,fb,3,79.8,14.794007490636707,13.253634800761343,1.5403726898753636
1988-04-01,fb,3,79.8,16.345558272208628,14.695664221678893,1.6498940505297348
1988-05-01,fb,3,79.8,10.999941317997774,9.483240420163144,1.51670089783463
1988-06-01,fb,3,79.8,12.590836309890374,11.792345116393648,0.7984911934967265
1988-07-01,fb,3,79.8,18.6827703340253,16.67662766559728,2.0061426684280192
1988-08-01,fb,3,79.8,9.274913680200036,9.068174782712225,0.2067388974878117
1988-09-01,fb,3,79.8,14.566484572893446,13.87241431928464,0.694070253608805
1988-10-01,fb,3,79.8,9.20058296448234,8.152183417899161,1.0483995465831786
1988-11-01,fb,3,79.8,13.326514816452883,12.946022224679345,0.3804925917735389
1988-12-01,fb,3,79.8,11.829803940814166,10.725801781463936,1.1040021593502303
1989-01-01,fb,3,79.8,10.640738515322013,9.665830010378547,0.9749085049434658
1989-02-01,fb,3,79.8,10.341025004824523,9.697640117994103,0.6433848868304199
1989-03-01,fb,3,79.8,12.764421148343263,12.02674029898644,0.7376808493568241
1989-04-01,fb,3,79.8,13.373868699038937,13.415150326431114,-0.041281627392177
1989-05-01,fb,3,79.8,11.329333086622073,11.29191668208611,0.0374164045359624
1989-06-01,fb,3,79.8,11.986872692465479,11.10727198140298,0.8796007110624995
1989-07-01,fb,3,79.8,13.939683044469175,12.945235066518258,0.9944479779509177
1989-08-01,fb,3,79.8,14.722706471998247,13.619451405534978,1.1032550664632694
1989-09-01,fb,3,79.8,20.36494405966969,19.332703782631857,1.0322402770378325
1989-10-01,fb,3,79.8,10.592916635772731,10.091661105756167,0.5012555300165644
1989-11-01,fb,3,79.8,12.235041588408912,11.44368856257775,0.7913530258311621
1989-12-01,fb,3,79.8,11.646991705797172,10.990731557466972,0.6562601483301993
1990-01-01,fb,3,79.8,12.742532707973343,11.71653172056282,1.026000987410523
1990-02-01,fb,3,79.8,10.706076354187477,11.028535378772741,-0.3224590245852639
1990-03-01,fb,3,79.8,11.779632879571222,10.899563629464499,0.8800692501067235
1990-04-01,fb,3,79.8,8.425189066284421,6.967703030003454,1.457486036280967
1990-05-01,fb,3,79.8,11.909680176650772,10.447707576513046,1.4619726001377256
1990-06-01,fb,3,79.8,10.586597636026184,8.74694246361239,1.839655172413794
1990-07-01,fb,3,79.8,4.077313113457692,3.493192073312559,0.5841210401451331
1990-08-01,fb,3,79.8,9.36676401453096,8.072001804496997,1.2947622100339622
1990-09-01,fb,3,79.8,0.9693482350337401,0.10753789974548983,0.8618103352882502
1990-10-01,fb,3,79.8,6.744586229244409,5.904033789974745,0.8405524392696639
1990-11-01,fb,3,79.8,8.3585073783496,7.3526525112468155,1.0058548671027845
1990-12-01,fb,3,79.8,6.984788333791925,6.293101686254476,0.6916866475374484
1991-01-01,fb,3,79.8,-0.9612016114906252,-0.7494132072166743,-0.21178840427395096
1991-02-01,fb,3,79.8,-1.8686948475478915,-3.108991401295455,1.2402965537475636
1991-03-01,fb,3,79.8,-2.5841766914900477,-3.2081556446650947,0.623978953175047
1991-04-01,fb,3,79.8,2.995144856511134,2.5977046340407135,0.3974402224704203
1991-05-01,fb,3,79.8,2.1662105106825313,1.8729361593787828,0.29327435130374857
1991-06-01,fb,3,79.8,10.103129209637164,9.055060397941826,1.0480688116953374
1991-07-01,fb,3,79.8,5.98252396808725,5.821221534404544,0.1613024336827058
1991-08-01,fb,3,79.8,4.965047110416387,4.461076375320223,0.5039707350961642
1991-09-01,fb,3,79.8,9.710014685575263,9.297139600640039,0.41287508493522473
1991-10-01,fb,3,79.8,5.196273421961695,4.917969224327429,0.2783041976342657
1991-11-01,fb,3,79.8,6.734992679355778,6.301281614151913,0.43371106520386515
1991-12-01,fb,3,79.8,4.737673598354042,4.489325078991843,0.2483485193621986
1992-01-01,fb,3,79.8,12.26980301991909,11.58662923087126,0.6831737890478298
1992-02-01,fb,3,79.8,18.697822037211644,17.03528437708425,1.662537660127395
1992-03-01,fb,3,79.8,8.480888598497227,8.143994337362521,0.3368942611347059
1992-04-01,fb,3,79.8,10.66504370919552,9.834748257164991,0.8302954520305299
1992-05-01,fb,3,79.8,9.50284503883372,8.294174938738209,1.2086701000955102
1992-06-01,fb,3,79.8,1.7589955473545027,1.5614725821332598,0.1975229652212429
1992-07-01,fb,3,79.8,6.775050607287447,6.030798751686905,0.7442518556005426
1992-08-01,fb,3,79.8,6.444807545140563,5.845295662785167,0.5995118823553955
1992-09-01,fb,3,79.8,6.710886460352028,5.937815915129951,0.773070545222077
1992-10-01,fb,3,79.8,6.1058371644078235,4.892347801858827,1.2134893625489962
1992-11-01,fb,3,79.8,3.1117875866734312,2.0923520679482146,1.0194355187252166
1992-12-01,fb,3,79.8,1.62238007541875,0.7534333070244716,0.8689467683942784
1993-01-01,fb,3,79.8,8.04009215682413,6.673134710434595,1.3669574463895353
1993-02-01,fb,3,79.8,-3.7220747515064656,-2.460428978318579,-1.2616457731878867
1993-03-01,fb,3,79.8,9.08671123692506,7.996639161597294,1.0900720753277664
1993-04-01,fb,3,79.8,2.491800655947518,0.5063574914006848,1.9854431645468333
1993-05-01,fb,3,79.8,5.7197041532334625,5.718147164801828,0.0015569884316342097
1993-06-01,fb,3,79.8,10.219769389967492,9.104235734699918,1.1155336552675745
1993-07-01,fb,3,79.8,9.467385508620163,6.838983352094314,2.6284021565258486
1993-08-01,fb,3,79.8,8.699115904012423,6.0186145924414545,2.6805013115709686
1993-09-01,fb,3,79.8,3.5235527596794602,3.512955890062161,0.01059686961729911
1993-10-01,fb,3,79.8,8.575447810184755,9.183192347369408,-0.6077445371846526
1993-11-01,fb,3,79.8,4.851201866127242,4.389242432526017,0.4619594336012245
1993-12-01,fb,3,79.8,10.788746979634123,12.717533655505685,-1.928786675871562
1994-01-01,fb,3,79.8,4.706011008639233,5.013480115189732,-0.3074691065504993
1994-02-01,fb,3,79.8,11.807204668947492,12.616317166431877,-0.8091124974843851
1994-03-01,fb,3,79.8,10.273304499861968,9.397646084475937,0.875658415386031
1994-04-01,fb,3,79.8,9.079024390243905,9.22607609756098,-0.1470517073170754
1994-05-01,fb,3,79.8,5.096329781508979,4.518498188210806,0.577831593298173
1994-06-01,fb,3,79.8,-0.3558655221745477,-1.3579595851216029,1.0020940629470552
1994-07-01,fb,3,79.8,5.518572639858577,5.458092042358971,0.06048059749960544
1994-08-01,fb,3,79.8,0.7436273283043082,1.6459869150191266,-0.9023595867148184
1994-09-01,fb,3,79.8,7.816399609360869,9.855072883133792,-2.0386732737729227
1994-10-01,fb,3,79.8,2.8141033392644177,1.8276590598925422,0.9864442793718755
1994-11-01,fb,3,79.8,6.382202137829163,7.310390197271223,-0.9281880594420606
1994-12-01,fb,3,79.8,3.71080057952049,2.980838435294674,0.7299621442258162
1995-01-01,fb,3,79.8,4.769530706029812,3.6329689458292753,1.1365617602005367
1995-02-01,fb,3,79.8,0.2915924185971086,-0.5102831326385521,0.8018755512356607
1995-03-01,fb,3,79.8,2.2464409099253846,3.1145134102174756,-0.868072500292091
1995-04-01,fb,3,79.8,3.2341734790619414,1.4767579557447699,1.7574155233171715
1995-05-01,fb,3,79.8,5.707750866233119,5.259939918411944,0.4478109478211749
1995-06-01,fb,3,79.8,8.66459683063836,9.182139588306026,-0.5175427576676661
1995-07-01,fb,3,79.8,5.792443152675664,4.879760642844936,0.9126825098307281
1995-08-01,fb,3,79.8,7.7504524646013095,6.46916320664325,1.2812892579580595
1995-09-01,fb,3,79.8,5.869229736983361,4.4925238191089605,1.3767059178744008
1995-10-01,fb,3,79.8,4.649169971100209,3.99219873647423,0.6569712346259786
1995-11-01,fb,3,79.8,5.262469978923967,5.063680624765141,0.19878935415882637
1995-12-01,fb,3,79.8,8.255599116759061,8.118650203535966,0.13694891322309566
1996-01-01,fb,3,79.8,2.3725659599920235,2.532496510932415,-0.15993055094039166
1996-02-01,fb,3,79.8,11.498770616845233,10.356856727507672,1.1419138893375607
1996-03-01,fb,3,79.8,6.494948011034407,6.319778659223341,0.17516935181106597
1996-04-01,fb,3,79.8,5.29535097295144,5.46138517786903,-0.16603420491758936
1996-05-01,fb,3,79.8,3.3408147777365116,1.436618171836389,1.9041966059001225
1996-06-01,fb,3,79.8,6.923318304183379,5.934320963186832,0.9889973409965469
1996-07-01,fb,3,79.8,1.5498238469245917,0.9460292834286785,0.6037945634959132
1996-08-01,fb,3,79.8,3.8863089944998874,2.2340183776306666,1.6522906168692209
1996-09-01,fb,3,79.8,1.5606432702210071,-1.0249623702764703,2.5856056404974774
1996-10-01,fb,3,79.8,4.5807042049997415,3.0014947899105646,1.579209415089177
1996-11-01,fb,3,79.8,7.195629229527523,5.27103743713913,1.9245917923883926
1996-12-01,fb,3,79.8,4.0058832507735564,2.260096574116475,1.7457866766570813
1997-01-01,fb,3,79.8,7.533757465593349,4.249126850168792,3.2846306154245575
1997-02-01,fb,3,79.8,5.240961916105991,2.884782538711657,2.3561793773943336
1997-03-01,fb,3,79.8,7.754207412403047,3.414939762729525,4.339267649673522
1997-04-01,fb,3,79.8,5.637928480918908,2.2991870587654515,3.3387414221534564
1997-05-01,fb,3,79.8,5.59687499999999,3.7913437500000082,1.8055312499999818
1997-06-01,fb,3,79.8,6.549172858003427,4.158486893931206,2.3906859640722207
1997-07-01,fb,3,79.8,5.582698091888538,3.1490745898117316,2.4336235020768067
1997-08-01,fb,3,79.8,5.819040674634635,3.840899724186036,1.9781409504485987
1997-09-01,fb,3,79.8,7.92355694227771,6.8455959438377505,1.0779609984399592
1997-10-01,fb,3,79.8,4.27259887005651,3.075076762466229,1.1975221075902809
1997-11-01,fb,3,79.8,1.2162631761844178,0.4543452449901584,0.7619179311942594
1997-12-01,fb,3,79.8,1.8450824483696948,0.9623725919205927,0.8827098564491022
1998-01-01,fb,3,79.8,2.7740046484952874,2.7990808657067827,-0.025076217211495333
1998-02-01,fb,3,79.8,-2.327857820195167,-2.5505307271114446,0.2226729069162774
1998-03-01,fb,3,79.8,-6.423806204748161,-6.989416935747709,0.5656107309995475
1998-04-01,fb,3,79.8,-4.746623463617528,-5.226524698954711,0.47990123533718343
1998-05-01,fb,3,79.8,-1.5314728773933806,-2.198683081293844,0.6672102039004635
1998-06-01,fb,3,79.8,-11.024774938026404,-12.535669242255114,1.5108943042287102
1998-07-01,fb,3,79.8,-8.04129926897279,-8.148071444720776,0.10677217574798625
1998-08-01,fb,3,79.8,-6.943092110190696,-7.326843626885574,0.38375151669487817
1998-09-01,fb,3,79.8,-13.086341230720311,-14.71430636464823,1.627965133927919
1998-10-01,fb,3,79.8,-5.668516909848487,-6.140168435931036,0.47165152608254957
1998-11-01,fb,3,79.8,-8.485923552300289,-10.332923723964296,1.847000171664007
1998-12-01,fb,3,79.8,-8.98230262382268,-10.537067553937044,1.5547649301143647
1999-01-01,fb,3,79.8,-9.896322838345872,-12.161693785244363,2.265370946898491
1999-02-01,fb,3,79.8,-10.147196993423114,-11.62894456623865,1.4817475728155358
1999-03-01,fb,3,79.8,-1.7663601124876416,-0.877639279471004,-0.8887208330166376
1999-04-01,fb,3,79.8,-1.4555326595361961,-0.4585385797926373,-0.9969940797435588
1999-05-01,fb,3,79.8,-2.1969435136069304,-1.0934452341953715,-1.1034982794115589
1999-06-01,fb,3,79.8,5.559176225234608,8.196027763295096,-2.6368515380604878
1999-07-01,fb,3,79.8,1.0637600393378133,1.426062940501557,-0.36230290116374375
1999-08-01,fb,3,79.8,-2.858890570168382,-2.7723769357071575,-0.08651363446122451
1999-09-01,fb,3,79.8,5.9890895785517095,6.926283138741974,-0.9371935601902646
1999-10-01,fb,3,79.8,3.421311398648319,3.369520360860954,0.051791037787364935
1999-11-01,fb,3,79.8,5.471143625336072,5.988232351653851,-0.5170887263177786
1999-12-01,fb,3,79.8,3.649866152384784,5.1169583489249035,-1.4670921965401194
2000-01-01,fb,3,79.8,7.684534771908669,8.558514920872929,-0.87398014896426
2000-02-01,fb,3,79.8,12.525270128964783,13.10178459393517,-0.576514464970387
2000-03-01,fb,3,79.8,3.964532751497152,4.547439766027571,-0.5829070145304192
2000-04-01,fb,3,79.8,6.5553637812002075,5.909997344662781,0.6453664365374268
2000-05-01,fb,3,79.8,4.925866175001925,3.4601490358761517,1.4657171391257733
2000-06-01,fb,3,79.8,1.8660863122800464,1.2323223436438853,0.6337639686361611
2000-07-01,fb,3,79.8,7.982614054720316,7.8643150229488015,0.11829903177151468
2000-08-01,fb,3,79.8,9.27650548503629,10.204341629934053,-0.9278361448977623
2000-09-01,fb,3,79.8,13.12630439217286,13.879600483311627,-0.7532960911387665
2000-10-01,fb,3,79.8,5.0195439247823215,4.653170039691514,0.36637388509080715
2000-11-01,fb,3,79.8,7.119990514583829,8.563620464785386,-1.4436299502015562
2000-12-01,fb,3,79.8,9.161598489266565,8.533177816656941,0.6284206726096233
2001-01-01,fb,3,79.8,7.196694515074453,7.465103220728901,-0.26840870565444774
2001-02-01,fb,3,79.8,1.9452661576347063,2.2922561060603712,-0.3469899484256649
2001-03-01,fb,3,79.8,6.528242911364135,5.214431792810901,1.3138111185532342
2001-04-01,fb,3,79.8,1.0824533532691527,-0.3626950752266132,1.4451484284957659
2001-05-01,fb,3,79.8,2.411738003543662,2.577790631269135,-0.16605262772547302
2001-06-01,fb,3,79.8,4.489598012030838,4.052394805824504,0.437203206206334
2001-07-01,fb,3,79.8,2.1702888211351468,1.9148961415418766,0.25539267959327017
2001-08-01,fb,3,79.8,1.6347203687977707,0.7401158558777121,0.8946045129200586
2001-09-01,fb,3,79.8,-8.397603062753156,-9.612721245075736,1.2151181823225805
2001-10-01,fb,3,79.8,-6.971129665023634,-6.890705160446634,-0.08042450457699957
2001-11-01,fb,3,79.8,-8.998837788477488,-9.846430350323763,0.847592561846275
2001-12-01,fb,3,79.8,-8.536430243207482,-8.658636918693395,0.1222066754859128
2002-01-01,fb,3,79.8,-11.00286613861945,-11.08848038177532,0.08561424315587018
2002-02-01,fb,3,79.8,-3.0323747018519254,-2.8457089467207486,-0.18666575513117678
2002-03-01,fb,3,79.8,-3.8199829539897423,-3.238032163865249,-0.5819507901244934
2002-04-01,fb,3,79.8,-5.548450717246267,-3.589570268562889,-1.9588804486833777
2002-05-01,fb,3,79.8,-7.047670794131944,-7.218084589207587,0.17041379507564258
2002-06-01,fb,3,79.8,-8.303364269141522,-7.321212296983758,-0.9821519721577641
2002-07-01,fb,3,79.8,-8.245376767706459,-7.8210595948607855,-0.42431717284567316
2002-08-01,fb,3,79.8,-6.742562143773689,-6.490871654083732,-0.251690489689957
2002-09-01,fb,3,79.8,-1.1129955480178033,0.9565825736697023,-2.0695781216875058
2002-10-01,fb,3,79.8,-0.8449703410776221,-0.2465753213049892,-0.598395019772633
2002-11-01,fb,3,79.8,-1.8503314480325939,-1.4938165176670823,-0.3565149303655115
2002-12-01,fb,3,79.8,-0.7482094430150799,-0.6178652388568205,-0.1303442041582593
2003-01-01,fb,3,79.8,2.5494177745343904,2.02754069232478,0.5218770822096106
2003-02-01,fb,3,79.8,-5.624578939947034,-7.103504786375668,1.4789258464286341
2003-03-01,fb,3,79.8,-8.268808925432547,-8.728284207620911,0.45947528218836453
2003-04-01,fb,3,79.8,-26.67862969004894,-27.203367047308326,0.5247373572593865
2003-05-01,fb,3,79.8,-20.294113122798375,-19.0781307203618,-1.2159824024365768
2003-06-01,fb,3,79.8,-12.537558908182312,-11.912774773065111,-0.624784135117201
2003-07-01,fb,3,79.8,-8.345482801159942,-6.5997612829838,-1.7457215181761425
2003-08-01,fb,3,79.8,-3.868614306513285,-2.4642417163976162,-1.4043725901156687
2003-09-01,fb,3,79.8,-3.477635024424608,-2.936823729384563,-0.540811295040045
2003-10-01,fb,3,79.8,2.4817336303728066,4.154936204022495,-1.6732025736496885
2003-11-01,fb,3,79.8,1.3352954844706,3.2482394857098584,-1.9129440012392585
2003-12-01,fb,3,79.8,-2.3736460829234862,-0.5150405649670022,-1.858605517956484
2004-01-01,fb,3,79.8,0.4347086214631535,2.2858418031899324,-1.8511331817267789
2004-02-01,fb,3,79.8,2.325813038497926,4.741750087155726,-2.4159370486578
2004-03-01,fb,3,79.8,0.7775754216485797,1.370597830390376,-0.5930224087417963
2004-04-01,fb,3,79.8,31.25528411872025,32.32317447603793,-1.0678903573176761
2004-05-01,fb,3,79.8,22.016365601358643,22.483779141577887,-0.4674135402192441
2004-06-01,fb,3,79.8,12.159621017611123,11.496711025928462,0.6629099916826604
2004-07-01,fb,3,79.8,9.928681303314214,10.21683855404838,-0.28815725073416587
2004-08-01,fb,3,79.8,-1.7874677540151374,-0.964187401181657,-0.8232803528334803
2004-09-01,fb,3,79.8,1.6785125015865043,0.0792898845031107,1.5992226170833936
2004-10-01,fb,3,79.8,-1.8454896476239657,-1.6450153537441867,-0.200474293879779
2004-11-01,fb,3,79.8,-3.106226210312313,-4.427682406713852,1.321456196401539
2004-12-01,fb,3,79.8,0.6430037460709137,0.35765073988489204,0.28535300618602166
2005-01-01,fb,3,79.8,-0.44668987400263704,0.25950679276669947,-0.7061966667693365
2005-02-01,fb,3,79.8,5.1883578312080125,11.4114637074532,-6.223105876245187
2005-03-01,fb,3,79.8,1.3655792318813198,1.2176283864479247,0.1479508454333951
2005-04-01,fb,3,79.8,4.012272434484854,4.161236735939241,-0.1489643014543871
2005-05-01,fb,3,79.8,2.7236492471213403,2.6552638238643587,0.0683854232569816
2005-06-01,fb,3,79.8,2.930792668182036,2.673113443278361,0.25767922490367523
2005-07-01,fb,3,79.8,6.010685663401616,7.09354407836153,-1.0828584149599143
2005-08-01,fb,3,79.8,12.01301452271608,13.559680398569764,-1.5466658758536838
2005-09-01,fb,3,79.8,-1.0282415353409347,0.7040848806366057,-1.7323264159775404
2005-10-01,fb,3,79.8,-2.2503407260562436,-0.8430879073225144,-1.4072528187337292
2005-11-01,fb,3,79.8,1.299992111698356,0.6401041255817594,0.6598879861165965
2005-12-01,fb,3,79.8,3.3798719356540996,4.431434235107881,-1.0515622994537814
2006-01-01,fb,4,90.0,4.199158311672235,5.163049263522711,-0.9638909518504759
2006-02-01,fb,4,90.0,4.431180208526131,6.709362082793509,-2.2781818742673785
2006-03-01,fb,4,90.0,3.0354236105728294,5.710036431284396,-2.674612820711567
2006-04-01,fb,4,90.0,5.012956112188527,7.97057903228435,-2.9576229200958233
2006-05-01,fb,4,90.0,5.432205216641517,8.27104825547378,-2.8388430388322625
2006-06-01,fb,4,90.0,3.7275446757192743,5.060077683284001,-1.3325330075647264
2006-07-01,fb,4,90.0,3.3839323213535666,2.7263139737205337,0.6576183476330328
2006-08-01,fb,4,90.0,2.723146747352523,2.4646021180030218,0.25854462934950107
2006-09-01,fb,4,90.0,4.239252100707858,4.372910721886772,-0.13365862117891414
2006-10-01,fb,4,90.0,7.54337320763685,8.207977501386361,-0.6646042937495116
2006-11-01,fb,4,90.0,6.039651762214016,7.88303664595306,-1.843384883739044
2006-12-01,fb,4,90.0,4.098439806320786,5.419377577906232,-1.320937771585446
2007-01-01,fb,4,90.0,0.4632791851037821,-0.26471505360377334,0.7279942387075554
2007-02-01,fb,4,90.0,1.017589980652489,-1.0245255431331102,2.0421155237855992
2007-03-01,fb,4,90.0,7.09116350450627,7.514609632427067,-0.42344612792079683
2007-04-01,fb,4,90.0,3.2108881543212897,1.0146189301177893,2.1962692242035002
2007-05-01,fb,4,90.0,3.3691620177001447,1.0555685369629384,2.3135934807372065
2007-06-01,fb,4,90.0,9.630222410122457,9.28185538057347,0.3483670295489869
2007-07-01,fb,4,90.0,5.495908536939242,5.531726249202014,-0.035817712262771195
2007-08-01,fb,4,90.0,9.253313696612665,9.150730486008834,0.10258321060383047
2007-09-01,fb,4,90.0,8.410465819721713,8.383666061705997,0.026799758015716435
2007-10-01,fb,4,90.0,7.369320525664436,4.1485223053804035,3.220798220284032
2007-11-01,fb,4,90.0,8.168960300791639,6.550212228472393,1.6187480723192458
2007-12-01,fb,4,90.0,9.7996342530015,8.62955262251198,1.1700816304895199
2008-01-01,fb,4,90.0,7.870466168080648,8.48517987525496,-0.614713707174313
2008-02-01,fb,4,90.0,14.339600573116185,16.3122693646013,-1.9726687914851144
2008-03-01,fb,4,90.0,6.610374283466336,4.546148982803188,2.064225300663148
2008-04-01,fb,4,90.0,9.420202688479229,9.866981926442726,-0.44677923796349717
2008-05-01,fb,4,90.0,11.763043754679913,12.938968084655484,-1.1759243299755706
2008-06-01,fb,4,90.0,5.089041001556338,4.327761786053679,0.7612792155026593
2008-07-01,fb,4,90.0,6.913576851138736,5.155389756848935,1.7581870942898012
2008-08-01,fb,4,90.0,4.8097272960112125,4.002551797581661,0.8071754984295518
2008-09-01,fb,4,90.0,5.838367210278883,5.614447343089513,0.22391986718936963
2008-10-01,fb,4,90.0,9.713493784132377,9.994909300474761,-0.2814155163423848
2008-11-01,fb,4,90.0,5.356488207579191,5.0348463658705525,0.3216418417086384
2008-12-01,fb,4,90.0,0.3874144610594099,0.39762120279518437,-0.01020674173577446
2009-01-01,fb,4,90.0,7.364728772453866,10.168676267075886,-2.8039474946220206
2009-02-01,fb,4,90.0,-10.30099992327954,-14.077981229061704,3.7769813057821633
2009-03-01,fb,4,90.0,-2.2429857276525023,-0.9469616900146257,-1.2960240376378764
2009-04-01,fb,4,90.0,-1.7891742589768,-0.3347294938917926,-1.4544447650850074
2009-05-01,fb,4,90.0,-4.702491562061506,-3.623885370447626,-1.07860619161388
2009-06-01,fb,4,90.0,-3.3170821210453227,-1.4006395638384352,-1.9164425572068875
2009-07-01,fb,4,90.0,-3.9825570177131175,-1.5929198986351698,-2.389637119077948
2009-08-01,fb,4,90.0,-2.635335879924383,-0.3972386207251423,-2.238097259199241
2009-09-01,fb,4,90.0,-3.0184799514934357,-2.82268077926871,-0.19579917222472565
2009-10-01,fb,4,90.0,-5.007691634253398,-3.9834598596745767,-1.024231774578821
2009-11-01,fb,4,90.0,-4.053148439312315,-4.521789055854837,0.46864061654252254
2009-12-01,fb,4,90.0,0.0841568684027072,1.54870278198562,-1.4645459135829129
2010-01-01,fb,4,90.0,-1.2966129814441452,-1.3584675463896472,0.06185456494550201
2010-02-01,fb,4,90.0,10.597291518175345,13.496151104775478,-2.8988595866001337
2010-03-01,fb,4,90.0,3.8487981773817515,3.929741571064588,-0.08094339368283654
2010-04-01,fb,4,90.0,6.8267360673858635,7.292441478123378,-0.4657054107375149
2010-05-01,fb,4,90.0,8.307798426784462,9.17641370528075,-0.8686152784962875
2010-06-01,fb,4,90.0,5.987447642027366,5.0538450068455125,0.9336026351818534
2010-07-01,fb,4,90.0,7.4260144956660445,7.1477472770387,0.27826721862734427
2010-08-01,fb,4,90.0,4.566590050461028,5.158333993817866,-0.5917439433568381
2010-09-01,fb,4,90.0,6.9791779928237485,7.106035935631191,-0.12685794280744211
2010-10-01,fb,4,90.0,8.30513607099126,9.864836148670886,-1.5597000776796257
2010-11-01,fb,4,90.0,7.805343255114239,10.455985976977527,-2.6506427218632878
2010-12-01,fb,4,90.0,5.526859504132231,4.52011219488756,1.0067473092446706
2011-01-01,fb,4,90.0,8.059010628119267,7.573354710247992,0.4856559178712754
2011-02-01,fb,4,90.0,4.7909362755207185,5.446699061662204,-0.6557627861414854
2011-03-01,fb,4,90.0,6.56463379806318,5.440145909598357,1.1244878884648228
2011-04-01,fb,4,90.0,6.61575941740451,5.665164771834238,0.9505946455702716
2011-05-01,fb,4,90.0,5.450091855480688,4.554522963870181,0.8955688916105062
2011-06-01,fb,4,90.0,8.869647516242907,8.937120785798331,-0.06747326955542476
2011-07-01,fb,4,90.0,9.59020277853988,9.13508093682189,0.45512184171798964
2011-08-01,fb,4,90.0,5.752978183150348,4.951098422162988,0.8018797609873598
2011-09-01,fb,4,90.0,6.174486412318481,4.897373937569082,1.2771124747493987
2011-10-01,fb,4,90.0,4.911197286685076,3.9935680334544923,0.9176292532305839
2011-11-01,fb,4,90.0,5.930725143284321,5.2308447545477215,0.6998803887365996
2011-12-01,fb,4,90.0,6.571503375109566,6.746302177600198,-0.1747988024906313
2012-01-01,fb,4,90.0,10.408615016452295,12.039288064612627,-1.6306730481603324
2012-02-01,fb,4,90.0,3.0528529784381586,-0.5745525885290483,3.627405566967207
2012-03-01,fb,4,90.0,7.857134155997625,8.89386534455665,-1.036731188559025
2012-04-01,fb,4,90.0,6.253148073072157,7.154122286514572,-0.9009742134424155
2012-05-01,fb,4,90.0,3.102206736353086,2.578664343786291,0.523542392566795
2012-06-01,fb,4,90.0,4.536964157748202,4.949251083725903,-0.41228692597770067
2012-07-01,fb,4,90.0,2.075652055168642,2.5632209021803454,-0.48756884701170344
2012-08-01,fb,4,90.0,5.546330916345132,4.986124018969572,0.5602068973755605
2012-09-01,fb,4,90.0,4.013353914635465,3.92531739479006,0.08803651984540473
2012-10-01,fb,4,90.0,2.6280112629054164,2.0193972259881106,0.6086140369173059
2012-11-01,fb,4,90.0,3.435662197130096,3.8618901434956494,-0.4262279463655534
2012-12-01,fb,4,90.0,1.8959218986990267,1.9708295058853778,-0.07490760718635103
2013-01-01,fb,4,90.0,-4.277477946117003,-6.660263996358674,2.3827860502416716
2013-02-01,fb,4,90.0,5.883055035030971,9.30765310385162,-3.42459806882065
2013-03-01,fb,4,90.0,3.7733931173128843,5.257795823403848,-1.4844027060909637
2013-04-01,fb,4,90.0,1.35277318502931,2.2593127449733443,-0.9065395599440342
2013-05-01,fb,4,90.0,2.8218675017742223,3.743879194782086,-0.9220116930078639
2013-06-01,fb,4,90.0,3.7882789234140457,4.811628926223517,-1.0233500028094715
2013-07-01,fb,4,90.0,1.6488294314381369,2.130933110367893,-0.4821036789297559
2013-08-01,fb,4,90.0,2.549911720765996,2.4906978586626867,0.05921386210330937
2013-09-01,fb,4,90.0,2.4814495254529723,3.1231624964049445,-0.6417129709519722
2013-10-01,fb,4,90.0,2.0210231570865655,2.711992909483006,-0.6909697523964407
2013-11-01,fb,4,90.0,1.6374614798558174,1.6133544080690467,0.02410707178677063
2013-12-01,fb,4,90.0,1.1132425547973224,1.3729027118253112,-0.25966015702798884
2014-01-01,fb,4,90.0,7.929625142934782,9.298385544623958,-1.3687604016891761
2014-02-01,fb,4,90.0,-0.7067814951754126,-2.9506075840923516,2.243826088916939
2014-03-01,fb,4,90.0,-1.5563440064430556,-3.579013299666968,2.0226692932239123
2014-04-01,fb,4,90.0,-1.1624590743677277,-2.6020921981770235,1.4396331238092959
2014-05-01,fb,4,90.0,1.5360007011700816,1.4829199351417657,0.05308076602831591
2014-06-01,fb,4,90.0,-3.2320585560223436,-4.720519511455664,1.4884609554333204
2014-07-01,fb,4,90.0,-1.8578839425745008,-2.4382248105375197,0.5803408679630189
2014-08-01,fb,4,90.0,4.552527894580005,5.054482446556085,-0.5019545519760795
2014-09-01,fb,4,90.0,0.37156776902180777,0.540434655710467,-0.16886688668865923
2014-10-01,fb,4,90.0,3.4097322900873195,3.8855863832047697,-0.4758540931174502
2014-11-01,fb,4,90.0,1.2273301932177905,1.1562692294783004,0.07106096373949011
2014-12-01,fb,4,90.0,1.1009859111124953,0.4249380565836274,0.676047854528868
2015-01-01,fb,4,90.0,-4.955366040427567,-7.253949921851239,2.2985838814236725
2015-02-01,fb,4,90.0,3.0175398762558814,4.453149798490095,-1.4356099222342138
2015-03-01,fb,4,90.0,-0.9817361694600457,-0.2779717419183667,-0.703764427541679
2015-04-01,fb,4,90.0,-1.8271006463527195,-2.60784164358264,0.7807409972299206
2015-05-01,fb,4,90.0,-2.736355985239214,-3.9980383694080617,1.2616823841688478
2015-06-01,fb,4,90.0,-4.951270546374098,-6.2361403587293465,1.2848698123552484
2015-07-01,fb,4,90.0,-0.8291892495949083,-1.425043303346925,0.5958540537520167
2015-08-01,fb,4,90.0,-3.604830367133227,-4.849957776511077,1.2451274093778495
2015-09-01,fb,4,90.0,-2.375493496471426,-4.019031908111798,1.6435384116403724
2015-10-01,fb,4,90.0,-3.8142123287671192,-4.737316994863012,0.923104666095893
2015-11-01,fb,4,90.0,-4.260704259599013,-4.8536185592077645,0.5929142996087515
2015-12-01,fb,4,90.0,-5.907445575824688,-7.135331877236695,1.2278863014120063
2016-01-01,fb,4,90.0,-0.6467491474168696,-1.5202202920304164,0.8734711446135468
2016-02-01,fb,4,90.0,-1.2607033049381156,-3.578311274698875,2.3176079697607594
2016-03-01,fb,4,90.0,-1.6200705640659119,-4.927689696753153,3.307619132687241
2016-04-01,fb,4,90.0,1.3708454330625397,0.48391666764640495,0.8869287654161347
2016-05-01,fb,4,90.0,0.0654522863925866,-1.6177897095693454,1.683241995961932
2016-06-01,fb,4,90.0,-0.007063310809218848,-1.3169707814376208,1.309907470628402
2016-07-01,fb,4,90.0,3.332093798947522,1.9536504287662102,1.3784433701813117
2016-08-01,fb,4,90.0,-2.882204141525868,-5.089676847096441,2.2074727055705727
2016-09-01,fb,4,90.0,3.1951334074167503,2.124790065185767,1.0703433422309834
2016-10-01,fb,4,90.0,0.6108416039876996,-1.2973407806310944,1.908182384618794
2016-11-01,fb,4,90.0,-1.276797155489895,-4.983076088336812,3.7062789328469172
2016-12-01,fb,4,90.0,-0.22013949433303814,-2.8399640366172654,2.6198245422842272
2017-01-01,fb,4,90.0,7.981470990102313,7.696536363737348,0.284934626364965
2017-02-01,fb,4,90.0,-2.255605531311733,-5.309468855679191,3.0538633243674584
2017-03-01,fb,4,90.0,-0.7615221363476476,-2.076163562697906,1.3146414263502582
2017-04-01,fb,4,90.0,-1.7060413114830197,-3.1831761826890768,1.477134871206057
2017-05-01,fb,4,90.0,-4.450061529251337,-5.881748539373177,1.4316870101218404
2017-06-01,fb,4,90.0,-2.061455144808111,-3.467621850718148,1.4061667059100373
2017-07-01,fb,4,90.0,-2.71973827699018,-5.141093784078513,2.421355507088333
2017-08-01,fb,4,90.0,0.6235412179913524,-0.2569181503489808,0.8804593683403332
2017-09-01,fb,4,90.0,-2.3413042030240527,-3.8149248429139226,1.47362063988987
2017-10-01,fb,4,90.0,-1.6687862869781633,-2.485683162842135,0.8168968758639719
2017-11-01,fb,4,90.0,1.628915888069038,1.1500157863348761,0.47890010173416186
2017-12-01,fb,4,90.0,1.8338102623473462,1.0747285873435417,0.7590816750038045
2018-01-01,fb,5,100.0,-11.895356253729194,-14.533018537950325,2.637662284221131
2018-02-01,fb,5,100.0,5.105163397200219,5.359712484870635,-0.2545490876704166
2018-03-01,fb,5,100.0,3.833398138194455,3.6854383477047703,0.14795979048968455
2018-04-01,fb,5,100.0,-0.5380404002265249,-1.410974372286197,0.872933972059672
2018-05-01,fb,5,100.0,1.6673048139510538,0.9668824764755719,0.7004223374754819
2018-06-01,fb,5,100.0,3.7961749750567986,4.131685679597063,-0.33551070454026455
2018-07-01,fb,5,100.0,0.16927112526063937,-0.1625014012510396,0.331772526511679
2018-08-01,fb,5,100.0,4.229045271178844,4.295645450470647,-0.06660017929180295
2018-09-01,fb,5,100.0,1.2504404960838489,1.7289931680478392,-0.4785526719639903
2018-10-01,fb,5,100.0,1.0717981015790246,0.12434207566692923,0.9474560259120953
2018-11-01,fb,5,100.0,3.1089632953630097,3.362241399148546,-0.25327810378553606
2018-12-01,fb,5,100.0,4.449950127095459,4.894849684138273,-0.44489955704281403
2019-01-01,fb,5,100.0,7.009329425638988,7.3680417547260095,-0.35871232908702133
2019-02-01,fb,5,100.0,-0.9766537387695728,-1.4116753033710292,0.43502156460145636
2019-03-01,fb,5,100.0,1.5805009141573345,1.206519153248004,0.37398176090933055
2019-04-01,fb,5,100.0,3.8459713390908146,3.4934718136091814,0.3524995254816332
2019-05-01,fb,5,100.0,2.0975988313704175,2.460122797407103,-0.3625239660366857
2019-06-01,fb,5,100.0,5.557807451330099,5.721984550708187,-0.16417709937808755
2019-07-01,fb,5,100.0,3.5475676220105834,3.517590116051344,0.029977505959239537
2019-08-01,fb,5,100.0,3.9176898101361157,3.892096888640414,0.02559292149570158
2019-09-01,fb,5,100.0,4.487532138005368,4.110144943807607,0.3773871941977607
2019-10-01,fb,5,100.0,4.484304932735417,4.781700030043728,-0.2973950973083115
2019-11-01,fb,5,100.0,5.360889166629468,5.458554657858325,-0.09766549122885682
2019-12-01,fb,5,100.0,2.078327480335984,1.8063119955640445,0.2720154847719396
2020-01-01,fb,5,100.0,9.075136939964645,9.859797481614038,-0.7846605416493926
2020-02-01,fb,5,100.0,-16.913878222709823,-21.779012616566103,4.86513439385628
2020-03-01,fb,5,100.0,-23.388522048379578,-26.647965390495393,3.2594433421158158
2020-04-01,fb,5,100.0,-52.233315817130844,-59.04345655600996,6.810140738879113
2020-05-01,fb,5,100.0,-50.74892132972659,-58.67085690013636,7.921935570409765
2020-06-01,fb,5,100.0,-43.456651964979265,-50.01604568494503,6.559393719965762
2020-07-01,fb,5,100.0,-24.296691776454438,-26.86839517113923,2.5717033946847927
2020-08-01,fb,5,100.0,-27.144157752074317,-29.2432556022264,2.0990978501520843
2020-09-01,fb,5,100.0,-27.98551565555627,-30.056485719811747,2.0709700642554765
2020-10-01,fb,5,100.0,-23.184485457779104,-25.24592487672926,2.0614394189501546
2020-11-01,fb,5,100.0,-22.27270801559057,-24.473286307405523,2.200578291814953
2020-12-01,fb,5,100.0,-16.23679710290714,-17.919840056332358,1.6830429534252183
2021-01-01,fb,5,100.0,-24.641117213368936,-27.761574782669584,3.1204575693006475
2021-02-01,fb,5,100.0,-2.9920906342017384,-1.2744153803493794,-1.717675253852359
2021-03-01,fb,5,100.0,8.36281808146282,9.233271533301261,-0.8704534518384417
2021-04-01,fb,5,100.0,73.9393504567848,84.13739895728702,-10.198048500502225
2021-05-01,fb,5,100.0,46.55137196159871,51.36862985406595,-4.817257892467239
2021-06-01,fb,5,100.0,7.406329433222725,3.7239323204687866,3.682397112753938
2021-07-01,fb,5,100.0,-6.028895297376025,-10.783819204522741,4.754923907146717
2021-08-01,fb,5,100.0,-6.544922679314425,-11.871944448388975,5.32702176907455
2021-09-01,fb,5,100.0,4.692559048656375,1.531631876576003,3.160927172080372
2021-10-01,fb,5,100.0,-4.460064606468961,-10.247606371916973,5.787541765448012
2021-11-01,fb,5,100.0,0.7985065474811703,-1.3700723561393737,2.168578903620544
2021-12-01,fb,5,100.0,7.21757196555739,7.018095569779863,0.19947639577752696
2022-01-01,fb,5,100.0,9.55250826353029,10.002592558176577,-0.4500842946462864
2022-02-01,fb,5,100.0,-0.4600705078470546,-2.1779030040698615,1.7178324962228069
2022-03-01,fb,5,100.0,4.808860213930277,4.378418901093152,0.43044131283712517
2022-04-01,fb,5,100.0,11.824393999807526,13.239104370900998,-1.4147103710934719
2022-05-01,fb,5,100.0,40.25893576163042,45.77003964566685,-5.51110388403643
2022-06-01,fb,5,100.0,59.41576037865375,69.8565216605846,-10.440761281930854
2022-07-01,fb,5,100.0,42.30740014888414,48.17123345942907,-5.863833310544926
2022-08-01,fb,5,100.0,40.51844648392391,45.20276545310886,-4.68431896918495
2022-09-01,fb,5,100.0,29.55990080665849,31.62520451500727,-2.065303708348779
2022-10-01,fb,5,100.0,37.20687253308568,41.79689894358022,-4.590026410494538
2022-11-01,fb,5,100.0,25.420085706947138,25.877737823259846,-0.4576521163127083
2022-12-01,fb,5,100.0,13.793837296564693,12.706351997670227,1.0874852988944657
2023-01-01,fb,5,100.0,22.059447211215712,22.635548365989315,-0.5761011547736032
2023-02-01,fb,5,100.0,21.49899492677323,22.11526207113457,-0.6162671443613412
2023-03-01,fb,5,100.0,17.593988710139683,17.99912397662277,-0.40513526648308584
2023-04-01,fb,5,100.0,15.135680121970708,13.928009000258204,1.2076711217125045
2023-05-01,fb,5,100.0,8.701748962105826,7.3045678385301684,1.397181123575658
2023-06-01,fb,5,100.0,7.250433462144312,5.945006402774156,1.3054270593701567
2023-07-01,fb,5,100.0,6.356289566674844,5.300886080003416,1.0554034866714286
2023-08-01,fb,5,100.0,8.469041285494928,7.874175479573519,0.5948658059214091
2023-09-01,fb,5,100.0,6.82895706601252,6.185654570055108,0.6433024959574114
2023-10-01,fb,5,100.0,2.3648362805651857,0.7393910229291826,1.6254452576360032
2023-11-01,fb,5,100.0,1.5477974066848477,0.9133869385731297,0.634410468111718
2023-12-01,fb,5,100.0,0.4567198850325971,-0.7851536508061481,1.2418735358387452
2024-01-01,fb,5,100.0,-5.294246118413215,-7.336212921415248,2.0419668030020333
2024-02-01,fb,5,100.0,14.897975261955398,16.13686621422381,-1.238890952268413
2024-03-01,fb,5,100.0,4.925398440149209,5.257855417090536,-0.3324569769413266
2024-04-01,fb,5,100.0,0.17193323437383334,-1.7236264029645139,1.8955596373383472
2024-05-01,fb,5,100.0,3.043200032504134,2.2592763766010773,0.7839236559030569
2024-06-01,fb,5,100.0,1.7899219154488888,1.4379381029363603,0.3519838125125285
2024-07-01,fb,5,100.0,0.07327478042660207,-0.6263698870765317,0.6996446675031338
2024-08-01,fb,5,100.0,4.313627753962712,3.7980709799621173,0.5155567740005949
2024-09-01,fb,5,100.0,1.3777480306852885,0.9253112289553608,0.45243680172992773
2024-10-01,fb,5,100.0,3.913708310947639,3.968639707401738,-0.05493139645409917
2024-11-01,fb,5,100.0,3.9538067994862702,3.5808773736108614,0.3729294258754088
2024-12-01,fb,5,100.0,0.9602382958709743,0.6834839013110162,0.2767543945599581
2025-01-01,fb,5,100.0,8.639503558737527,7.6623203597522025,0.9771831989853244
2025-02-01,fb,5,100.0,-6.284773920539144,-9.653485228430373,3.368711307891229
2025-03-01,fb,5,100.0,-3.3721822735719442,-5.1605821281409066,1.7883998545689623
2025-04-01,fb,5,100.0,1.3144709068036775,1.0208193855141698,0.29365152128950767
2025-05-01,fb,5,100.0,1.3011976933313685,0.04788703238208036,1.2533106609492881
2025-06-01,fb,5,100.0,-0.378886178439819,-1.3643120361239442,0.9854258576841253
2025-07-01,fb,5,100.0,2.0421673453830502,1.7333918433669635,0.3087755020160867
2025-08-01,fb,5,100.0,1.0407408469279567,0.6269598707914052,0.4137809761365514
2025-09-01,fb,5,100.0,-1.437234010136823,-2.1822453353376736,0.7450113252008506
2025-10-01,fb,5,100.0,2.926145402481728,2.7638611597200153,0.1622842427617126
2025-11-01,fb,5,100.0,2.5863301272233574,2.385977863546325,0.2003522636770323
2025-12-01,fb,5,100.0,-0.2765969836371007,-1.428923309846846,1.1523263262097452
2026-01-01,fb,5,100.0,-3.3056415897183555,-3.3058268445885286,0.0001852548701730683
2026-02-01,fb,5,100.0,5.3213061292750385,5.321627017309141,-0.00032088803410257327
2026-03-01,fb,5,100.0,2.1217220439603945,2.121500465106558,0.0002215788538366681
2026-04-01,fb,5,100.0,0.1820381964539486,0.18213815962540408,-9.996317145549716e-05
2026-05-01,fb,5,100.0,0.002919281856672562,0.003354254853306678,-0.000434972996634116
2026-06-01,fb,5,100.0,-2.2850890903407306,-2.2850119829113313,-7.710742939925908e-05
2026-07-01,fb,5,100.0,-1.8577859909174932,-1.8579206558279433,0.00013466491045011075
