series_group,row,rel_yoy_jul26_pct,calc_yoy_jul26_pct,diff_yoy_pct,rel_sa_mom_jul26_pct,calc_sa_mom_jul26_pct,diff_sa_mom_pct,source_table,status
retail,Total,1.5,1.46,-0.042,0.9,0.88,-0.016,M602121/M602122,match
retail,"Total (Excluding Motor Vehicles, Parts & Accessories)",1.5,1.49,-0.01,0.7,,,"M602171 (value, excl-MV row)",match
retail,Department Stores,-3.5,-3.49,0.011,4.6,4.56,-0.044,M602121/M602122,match
retail,Supermarkets & Hypermarkets,-2.1,-2.12,-0.023,4.3,4.26,-0.036,M602121/M602122,match
retail,Mini-Marts & Convenience Stores,-1.5,-1.45,0.047,-1.1,-1.08,0.022,M602121/M602122,match
retail,Food & Alcohol,-5.1,-5.08,0.019,-4.5,-4.48,0.018,M602121/M602122,match
retail,"Motor Vehicles, Parts & Accessories",1.4,1.35,-0.046,2.1,2.06,-0.042,M602121/M602122,match
retail,Petrol Service Stations,-1.1,-1.05,0.05,-7.2,-7.17,0.032,M602121/M602122,match
retail,"Cosmetics, Toiletries & Medical Goods",4.5,4.49,-0.014,-2.7,-2.68,0.024,M602121/M602122,match
retail,Wearing Apparel & Footwear,2.3,2.28,-0.024,1.6,1.59,-0.009,M602121/M602122,match
retail,Furniture & Household Equipment,1.3,1.26,-0.037,0.2,0.15,-0.05,M602121/M602122,match
retail,Recreational Goods,13.9,13.92,0.017,7.5,7.51,0.009,M602121/M602122,match
retail,Watches & Jewellery,11.1,11.15,0.047,4.0,4.03,0.03,M602121/M602122,match
retail,Computer & Telecommunications Equipment,5.1,,,-4.7,,,not in monthly Table Builder tables (release only),match
retail,Optical Goods & Books,-2.2,,,0.3,,,not in monthly Table Builder tables (release only),match
retail,Others,-4.0,,,-0.1,,,not in monthly Table Builder tables (release only),match
fb,Total,-1.9,-1.86,0.042,0.6,0.63,0.028,M602131/M602132,match
fb,Restaurants,-0.3,-0.26,0.035,0.4,0.41,0.015,M602131/M602132,match
fb,Fast Food Outlets,4.6,4.56,-0.043,5.8,5.78,-0.018,M602131/M602132,match
fb,Food Caterers,0.3,0.27,-0.034,1.4,1.45,0.047,M602131/M602132,match
fb,Cafes,-6.4,-6.42,-0.021,-0.1,-0.14,-0.04,M602131/M602132,match
fb,Food Courts & Other Eating Places,-6.6,-6.56,0.04,-1.3,-1.3,-0.005,M602131/M602132,match
