series_group,row,rel_yoy_jun26_pct,rel_yoy_jul26_pct,rel_sa_mom_jun26_pct,rel_sa_mom_jul26_pct
retail,Total,4.0,1.5,0.9,0.9
retail,"Total (Excluding Motor Vehicles, Parts & Accessories)",4.1,1.5,0.1,0.7
retail,Department Stores,-9.8,-3.5,-2.4,4.6
retail,Supermarkets & Hypermarkets,7.2,-2.1,3.6,4.3
retail,Mini-Marts & Convenience Stores,-0.6,-1.5,-5.4,-1.1
retail,Food & Alcohol,-1.2,-5.1,1.9,-4.5
retail,"Motor Vehicles, Parts & Accessories",3.6,1.4,5.9,2.1
retail,Petrol Service Stations,8.0,-1.1,-2.4,-7.2
retail,"Cosmetics, Toiletries & Medical Goods",8.7,4.5,2.6,-2.7
retail,Wearing Apparel & Footwear,-1.8,2.3,-0.5,1.6
retail,Furniture & Household Equipment,0.2,1.3,-0.9,0.2
retail,Recreational Goods,7.6,13.9,-14.3,7.5
retail,Watches & Jewellery,10.6,11.1,1.9,4.0
retail,Computer & Telecommunications Equipment,11.6,5.1,-3.0,-4.7
retail,Optical Goods & Books,0.0,-2.2,-4.2,0.3
retail,Others,1.1,-4.0,2.7,-0.1
fb,Total,-2.3,-1.9,-1.9,0.6
fb,Restaurants,-2.2,-0.3,-2.3,0.4
fb,Fast Food Outlets,1.2,4.6,-1.6,5.8
fb,Food Caterers,5.8,0.3,1.0,1.4
fb,Cafes,-5.6,-6.4,-4.6,-0.1
fb,Food Courts & Other Eating Places,-5.6,-6.6,-1.4,-1.3
