series_group,industry,weight_2017_pct,weight_2025_pct
retail,Department Stores,6.2,4.3
retail,Supermarkets & Hypermarkets,14.4,16.0
retail,Mini-Marts & Convenience Stores,4.2,3.3
retail,Food & Alcohol,2.1,4.6
retail,"Motor Vehicles, Parts & Accessories",18.1,14.8
retail,Petrol Service Stations,4.3,4.8
retail,"Cosmetics, Toiletries & Medical Goods",6.2,6.6
retail,Wearing Apparel & Footwear,9.8,10.9
retail,Furniture & Household Equipment,7.5,7.3
retail,Recreational Goods,1.5,1.9
retail,Watches & Jewellery,9.0,11.6
retail,Computer & Telecommunications Equipment,5.5,6.3
retail,Optical Goods & Books,2.9,2.0
retail,Others,8.2,5.6
fb,Restaurants,41.2,47.3
fb,Fast Food Outlets,12.7,9.8
fb,Food Caterers,11.4,10.2
fb,Cafes,10.6,10.0
fb,Food Courts & Other Eating Places,24.1,22.7
